/*
 Navicat Premium Data Transfer

 Source Server         : MapleOrigins
 Source Server Type    : MySQL
 Source Server Version : 100432 (10.4.32-MariaDB)
 Source Host           : localhost:3306
 Source Schema         : rifas2

 Target Server Type    : MySQL
 Target Server Version : 100432 (10.4.32-MariaDB)
 File Encoding         : 65001

 Date: 26/02/2025 22:04:48
*/

SET NAMES utf8mb4;
SET FOREIGN_KEY_CHECKS = 0;

-- ----------------------------
-- Table structure for cart_list
-- ----------------------------
DROP TABLE IF EXISTS `cart_list`;
CREATE TABLE `cart_list`  (
  `id` int NOT NULL AUTO_INCREMENT,
  `customer_id` int NOT NULL,
  `product_id` int NOT NULL,
  `quantity` int NOT NULL DEFAULT 0,
  PRIMARY KEY (`id`) USING BTREE,
  INDEX `customer_id`(`customer_id` ASC) USING BTREE,
  INDEX `product_id`(`product_id` ASC) USING BTREE,
  CONSTRAINT `customer_id_fk_cl` FOREIGN KEY (`customer_id`) REFERENCES `customer_list` (`id`) ON DELETE CASCADE ON UPDATE RESTRICT,
  CONSTRAINT `product_id_fk_cl` FOREIGN KEY (`product_id`) REFERENCES `product_list` (`id`) ON DELETE CASCADE ON UPDATE RESTRICT
) ENGINE = InnoDB AUTO_INCREMENT = 666 CHARACTER SET = utf8mb4 COLLATE = utf8mb4_general_ci ROW_FORMAT = Dynamic;

-- ----------------------------
-- Records of cart_list
-- ----------------------------

-- ----------------------------
-- Table structure for config
-- ----------------------------
DROP TABLE IF EXISTS `config`;
CREATE TABLE `config`  (
  `id` int NOT NULL AUTO_INCREMENT,
  `user_id` int NULL DEFAULT NULL,
  `config` varchar(2000) CHARACTER SET utf8 COLLATE utf8_general_ci NULL DEFAULT NULL,
  PRIMARY KEY (`id`) USING BTREE
) ENGINE = InnoDB AUTO_INCREMENT = 1 CHARACTER SET = utf8 COLLATE = utf8_general_ci ROW_FORMAT = Dynamic;

-- ----------------------------
-- Records of config
-- ----------------------------

-- ----------------------------
-- Table structure for customer_list
-- ----------------------------
DROP TABLE IF EXISTS `customer_list`;
CREATE TABLE `customer_list`  (
  `id` int NOT NULL AUTO_INCREMENT,
  `firstname` varchar(100) CHARACTER SET utf8mb4 COLLATE utf8mb4_unicode_ci NOT NULL,
  `lastname` varchar(100) CHARACTER SET utf8mb4 COLLATE utf8mb4_unicode_ci NOT NULL,
  `phone` varchar(15) CHARACTER SET utf8mb4 COLLATE utf8mb4_unicode_ci NOT NULL,
  `email` varchar(100) CHARACTER SET utf8mb4 COLLATE utf8mb4_unicode_ci NULL DEFAULT NULL,
  `password` varchar(255) CHARACTER SET utf8mb4 COLLATE utf8mb4_unicode_ci NOT NULL,
  `avatar` text CHARACTER SET utf8mb4 COLLATE utf8mb4_unicode_ci NULL,
  `date_created` datetime NOT NULL DEFAULT current_timestamp,
  `date_updated` datetime NOT NULL DEFAULT current_timestamp ON UPDATE CURRENT_TIMESTAMP,
  `cpf` varchar(14) CHARACTER SET utf8mb4 COLLATE utf8mb4_unicode_ci NULL DEFAULT NULL,
  `zipcode` varchar(9) CHARACTER SET utf8mb4 COLLATE utf8mb4_unicode_ci NULL DEFAULT NULL,
  `address` text CHARACTER SET utf8mb4 COLLATE utf8mb4_unicode_ci NULL,
  `number` varchar(10) CHARACTER SET utf8mb4 COLLATE utf8mb4_unicode_ci NULL DEFAULT NULL,
  `neighborhood` varchar(100) CHARACTER SET utf8mb4 COLLATE utf8mb4_unicode_ci NULL DEFAULT NULL,
  `complement` text CHARACTER SET utf8mb4 COLLATE utf8mb4_unicode_ci NULL,
  `state` varchar(2) CHARACTER SET utf8mb4 COLLATE utf8mb4_unicode_ci NULL DEFAULT NULL,
  `city` varchar(100) CHARACTER SET utf8mb4 COLLATE utf8mb4_unicode_ci NULL DEFAULT NULL,
  `reference_point` text CHARACTER SET utf8mb4 COLLATE utf8mb4_unicode_ci NULL,
  `is_affiliate` tinyint(1) NULL DEFAULT 0,
  `birth` date NULL DEFAULT NULL,
  `instagram` varchar(100) CHARACTER SET utf8mb4 COLLATE utf8mb4_unicode_ci NULL DEFAULT NULL,
  PRIMARY KEY (`id`) USING BTREE
) ENGINE = InnoDB AUTO_INCREMENT = 22 CHARACTER SET = utf8mb4 COLLATE = utf8mb4_unicode_ci ROW_FORMAT = Dynamic;

-- ----------------------------
-- Records of customer_list
-- ----------------------------
INSERT INTO `customer_list` VALUES (1, 'Albino', 'Devs', '61992222207', '', '', NULL, '2025-02-20 01:57:03', '2025-02-26 22:52:10', NULL, NULL, NULL, NULL, NULL, NULL, NULL, NULL, NULL, 0, NULL, NULL);

-- ----------------------------
-- Table structure for logs
-- ----------------------------
DROP TABLE IF EXISTS `logs`;
CREATE TABLE `logs`  (
  `id` int NOT NULL AUTO_INCREMENT,
  `origin` text CHARACTER SET utf8mb4 COLLATE utf8mb4_general_ci NULL,
  `description` text CHARACTER SET utf8mb4 COLLATE utf8mb4_general_ci NULL,
  `date` datetime NOT NULL DEFAULT current_timestamp,
  PRIMARY KEY (`id`) USING BTREE
) ENGINE = InnoDB AUTO_INCREMENT = 38 CHARACTER SET = utf8mb4 COLLATE = utf8mb4_general_ci ROW_FORMAT = Dynamic;

-- ----------------------------
-- Records of logs
-- ----------------------------
INSERT INTO `logs` VALUES (1, 'PRODUCT', 'Produto Modelo encerrada atualizado pelo usuário Albino', '2025-02-20 02:21:36');
INSERT INTO `logs` VALUES (2, 'PRODUCT', 'Produto Modelo encerrada atualizado pelo usuário Albino', '2025-02-20 02:22:12');
INSERT INTO `logs` VALUES (3, 'PRODUCT', 'Produto Modelo encerrada atualizado pelo usuário Albino', '2025-02-20 02:22:19');
INSERT INTO `logs` VALUES (4, 'PRODUCT', 'Produto Rifa Encerrada adicionado pelo usuário Albino', '2025-02-20 02:23:33');
INSERT INTO `logs` VALUES (5, 'PRODUCT', 'Produto Rifa Encerrada atualizado pelo usuário Albino', '2025-02-20 02:23:58');
INSERT INTO `logs` VALUES (6, 'PRODUCT', 'Produto Rifa Encerrada atualizado pelo usuário Albino', '2025-02-20 02:24:17');
INSERT INTO `logs` VALUES (7, 'PRODUCT', 'Produto Rifa Encerrada atualizado pelo usuário Albino', '2025-02-20 02:24:32');
INSERT INTO `logs` VALUES (8, 'PRODUCT', 'Produto Rifa Encerrada atualizado pelo usuário Albino', '2025-02-20 02:24:43');
INSERT INTO `logs` VALUES (9, 'PRODUCT', 'Produto Rifa Encerrada atualizado pelo usuário Albino', '2025-02-20 02:25:01');
INSERT INTO `logs` VALUES (10, 'PRODUCT', 'Produto Rifa Encerrada atualizado pelo usuário Albino', '2025-02-20 02:28:13');
INSERT INTO `logs` VALUES (11, 'PRODUCT', 'Produto Rifa Encerrada atualizado pelo usuário Albino', '2025-02-20 02:28:46');
INSERT INTO `logs` VALUES (12, 'PRODUCT', 'Produto Rifa Encerrada adicionado pelo usuário Albino', '2025-02-20 02:30:29');
INSERT INTO `logs` VALUES (13, 'PRODUCT', 'Produto Rifa Encerrada atualizado pelo usuário Albino', '2025-02-20 02:33:54');
INSERT INTO `logs` VALUES (14, 'PRODUCT', 'Produto Rifa Encerrada atualizado pelo usuário Albino', '2025-02-20 02:34:02');
INSERT INTO `logs` VALUES (15, 'PRODUCT', 'Produto Rifa Encerrada atualizado pelo usuário Albino', '2025-02-20 02:35:07');
INSERT INTO `logs` VALUES (16, 'PRODUCT', 'Produto Rifa Encerrada atualizado pelo usuário Albino', '2025-02-20 02:37:54');
INSERT INTO `logs` VALUES (17, 'PRODUCT', 'Produto Rifa Encerrada atualizado pelo usuário Albino', '2025-02-20 02:39:45');
INSERT INTO `logs` VALUES (18, 'PRODUCT', 'Produto Rifa Encerrada atualizado pelo usuário Albino', '2025-02-20 02:42:45');
INSERT INTO `logs` VALUES (19, 'PRODUCT', 'Produto Rifa Encerrada atualizado pelo usuário Albino', '2025-02-20 02:45:13');
INSERT INTO `logs` VALUES (20, 'PRODUCT', 'Produto Rifa Encerrada atualizado pelo usuário Albino', '2025-02-20 02:46:21');
INSERT INTO `logs` VALUES (21, 'PRODUCT', 'Produto Rifa Encerrada atualizado pelo usuário Albino', '2025-02-20 02:46:26');
INSERT INTO `logs` VALUES (22, 'PRODUCT', 'Produto Modelo Cota Premiada  atualizado pelo usuário Albino', '2025-02-20 02:47:19');
INSERT INTO `logs` VALUES (23, 'PRODUCT', 'Produto Modelo Caixa Premiada atualizado pelo usuário Albino', '2025-02-20 02:48:16');
INSERT INTO `logs` VALUES (24, 'PRODUCT', 'Produto Modelo Roleta Ativa  atualizado pelo usuário Albino', '2025-02-20 02:50:43');
INSERT INTO `logs` VALUES (25, 'PRODUCT', 'Produto Modelo Roleta Ativa  atualizado pelo usuário Albino', '2025-02-20 18:22:12');
INSERT INTO `logs` VALUES (26, 'PRODUCT', 'Produto Modelo Roleta Ativa  atualizado pelo usuário Albino', '2025-02-20 18:29:02');
INSERT INTO `logs` VALUES (27, 'PRODUCT', 'Produto TESTE CP adicionado pelo usuário Albino', '2025-02-20 18:32:36');
INSERT INTO `logs` VALUES (28, 'PRODUCT', 'Produto TESTE CP atualizado pelo usuário Albino', '2025-02-20 18:35:01');
INSERT INTO `logs` VALUES (29, 'PRODUCT', 'Produto TESTE CP atualizado pelo usuário Albino', '2025-02-20 18:35:31');
INSERT INTO `logs` VALUES (30, 'PRODUCT', 'Produto TESTE CP atualizado pelo usuário Albino', '2025-02-20 18:35:51');
INSERT INTO `logs` VALUES (31, 'PRODUCT', 'Produto TESTE CP atualizado pelo usuário Albino', '2025-02-20 18:36:16');
INSERT INTO `logs` VALUES (32, 'PRODUCT', 'Produto TESTE CP atualizado pelo usuário Albino', '2025-02-20 18:38:34');
INSERT INTO `logs` VALUES (33, 'PRODUCT', 'Produto TESTE CP atualizado pelo usuário Albino', '2025-02-20 18:38:40');
INSERT INTO `logs` VALUES (34, 'PRODUCT', 'Produto TESTE CP atualizado pelo usuário Albino', '2025-02-20 18:38:57');
INSERT INTO `logs` VALUES (35, 'PRODUCT', 'Produto Modelo Roleta Ativa  atualizado pelo usuário Albino', '2025-02-26 17:04:39');
INSERT INTO `logs` VALUES (36, 'PRODUCT', 'Produto Modelo Roleta Ativa  atualizado pelo usuário Albino', '2025-02-26 17:05:55');
INSERT INTO `logs` VALUES (37, 'SYSTEM', 'Configurações do sistema atualizadas pelo usuário Albino', '2025-02-26 21:24:40');

-- ----------------------------
-- Table structure for migrations
-- ----------------------------
DROP TABLE IF EXISTS `migrations`;
CREATE TABLE `migrations`  (
  `id` int UNSIGNED NOT NULL AUTO_INCREMENT,
  `migration` varchar(255) CHARACTER SET utf8mb4 COLLATE utf8mb4_unicode_ci NOT NULL,
  `batch` int NOT NULL,
  PRIMARY KEY (`id`) USING BTREE
) ENGINE = InnoDB AUTO_INCREMENT = 16 CHARACTER SET = utf8mb4 COLLATE = utf8mb4_unicode_ci ROW_FORMAT = Dynamic;

-- ----------------------------
-- Records of migrations
-- ----------------------------
INSERT INTO `migrations` VALUES (1, '2024_05_14_045711_create_cart_list_table', 0);
INSERT INTO `migrations` VALUES (2, '2024_05_14_045711_create_config_table', 0);
INSERT INTO `migrations` VALUES (3, '2024_05_14_045711_create_customer_list_table', 0);
INSERT INTO `migrations` VALUES (4, '2024_05_14_045711_create_logs_table', 0);
INSERT INTO `migrations` VALUES (5, '2024_05_14_045711_create_order_items_table', 0);
INSERT INTO `migrations` VALUES (6, '2024_05_14_045711_create_order_list_table', 0);
INSERT INTO `migrations` VALUES (7, '2024_05_14_045711_create_product_list_table', 0);
INSERT INTO `migrations` VALUES (8, '2024_05_14_045711_create_referral_table', 0);
INSERT INTO `migrations` VALUES (9, '2024_05_14_045711_create_referral_transactions_table', 0);
INSERT INTO `migrations` VALUES (10, '2024_05_14_045711_create_system_info_table', 0);
INSERT INTO `migrations` VALUES (11, '2024_05_14_045711_create_users_table', 0);
INSERT INTO `migrations` VALUES (12, '2024_05_14_045714_add_foreign_keys_to_cart_list_table', 0);
INSERT INTO `migrations` VALUES (13, '2024_05_14_045714_add_foreign_keys_to_order_items_table', 0);
INSERT INTO `migrations` VALUES (14, '2024_05_14_045714_add_foreign_keys_to_order_list_table', 0);
INSERT INTO `migrations` VALUES (15, '2024_05_14_045714_add_foreign_keys_to_referral_table', 0);

-- ----------------------------
-- Table structure for order_items
-- ----------------------------
DROP TABLE IF EXISTS `order_items`;
CREATE TABLE `order_items`  (
  `order_id` int NOT NULL,
  `product_id` int NOT NULL,
  `quantity` int NOT NULL DEFAULT 0,
  `price` float(12, 2) NOT NULL,
  INDEX `order_id`(`order_id` ASC) USING BTREE,
  INDEX `product_id`(`product_id` ASC) USING BTREE,
  INDEX `order_id_2`(`order_id` ASC, `product_id` ASC, `quantity` ASC, `price` ASC) USING BTREE,
  CONSTRAINT `order_id_fk_oi` FOREIGN KEY (`order_id`) REFERENCES `order_list` (`id`) ON DELETE CASCADE ON UPDATE RESTRICT,
  CONSTRAINT `product_id_fk_oi` FOREIGN KEY (`product_id`) REFERENCES `product_list` (`id`) ON DELETE CASCADE ON UPDATE RESTRICT
) ENGINE = InnoDB CHARACTER SET = utf8mb4 COLLATE = utf8mb4_general_ci ROW_FORMAT = Dynamic;

-- ----------------------------
-- Records of order_items
-- ----------------------------
INSERT INTO `order_items` VALUES (79, 120, 1, 0.00);
INSERT INTO `order_items` VALUES (80, 121, 6001, 0.00);
INSERT INTO `order_items` VALUES (81, 121, 1, 0.00);
INSERT INTO `order_items` VALUES (82, 121, 2, 0.00);
INSERT INTO `order_items` VALUES (85, 121, 1, 0.00);
INSERT INTO `order_items` VALUES (86, 120, 10, 0.00);
INSERT INTO `order_items` VALUES (87, 122, 101, 0.00);
INSERT INTO `order_items` VALUES (88, 121, 2001, 0.00);
INSERT INTO `order_items` VALUES (89, 121, 5, 0.00);
INSERT INTO `order_items` VALUES (90, 120, 10, 0.00);
INSERT INTO `order_items` VALUES (91, 121, 10, 0.00);
INSERT INTO `order_items` VALUES (92, 120, 3, 0.00);
INSERT INTO `order_items` VALUES (93, 120, 1, 0.00);
INSERT INTO `order_items` VALUES (96, 120, 10, 0.00);
INSERT INTO `order_items` VALUES (97, 121, 10, 0.00);
INSERT INTO `order_items` VALUES (102, 121, 1, 0.00);
INSERT INTO `order_items` VALUES (103, 121, 201, 0.00);
INSERT INTO `order_items` VALUES (105, 120, 1, 0.00);
INSERT INTO `order_items` VALUES (106, 120, 1, 0.00);
INSERT INTO `order_items` VALUES (107, 122, 1, 0.00);
INSERT INTO `order_items` VALUES (108, 121, 1, 0.00);
INSERT INTO `order_items` VALUES (109, 122, 1, 0.00);
INSERT INTO `order_items` VALUES (110, 120, 1, 0.00);
INSERT INTO `order_items` VALUES (111, 121, 10, 0.00);
INSERT INTO `order_items` VALUES (112, 120, 10, 0.00);
INSERT INTO `order_items` VALUES (113, 120, 10, 0.00);
INSERT INTO `order_items` VALUES (114, 120, 10, 0.00);
INSERT INTO `order_items` VALUES (115, 120, 1, 0.00);
INSERT INTO `order_items` VALUES (116, 120, 10, 0.00);
INSERT INTO `order_items` VALUES (117, 120, 10, 0.00);

-- ----------------------------
-- Table structure for order_list
-- ----------------------------
DROP TABLE IF EXISTS `order_list`;
CREATE TABLE `order_list`  (
  `id` int NOT NULL AUTO_INCREMENT,
  `code` varchar(100) CHARACTER SET utf8mb4 COLLATE utf8mb4_unicode_ci NULL DEFAULT NULL,
  `customer_id` int NULL DEFAULT NULL,
  `quantity` text CHARACTER SET utf8mb4 COLLATE utf8mb4_unicode_ci NULL,
  `total_amount` float(12, 2) NOT NULL DEFAULT 0.00,
  `status` tinyint(1) NOT NULL DEFAULT 0 COMMENT '1=pending2=paid3=cancelled',
  `roleta` int NULL DEFAULT NULL,
  `date_created` datetime NULL DEFAULT NULL,
  `date_updated` datetime NULL DEFAULT NULL,
  `product_name` text CHARACTER SET utf8mb4 COLLATE utf8mb4_unicode_ci NULL,
  `order_token` varchar(100) CHARACTER SET utf8mb4 COLLATE utf8mb4_unicode_ci NULL DEFAULT NULL,
  `order_numbers` longtext CHARACTER SET utf8mb4 COLLATE utf8mb4_unicode_ci NULL,
  `product_id` int NULL DEFAULT NULL,
  `payment_method` text CHARACTER SET utf8mb4 COLLATE utf8mb4_unicode_ci NULL,
  `order_expiration` text CHARACTER SET utf8mb4 COLLATE utf8mb4_unicode_ci NULL,
  `pix_code` text CHARACTER SET utf8mb4 COLLATE utf8mb4_unicode_ci NULL,
  `pix_qrcode` text CHARACTER SET utf8mb4 COLLATE utf8mb4_unicode_ci NULL,
  `txid` text CHARACTER SET utf8mb4 COLLATE utf8mb4_unicode_ci NULL,
  `discount_amount` text CHARACTER SET utf8mb4 COLLATE utf8mb4_unicode_ci NULL,
  `whatsapp_status` text CHARACTER SET utf8mb4 COLLATE utf8mb4_unicode_ci NULL,
  `dwapi_status` text CHARACTER SET utf8mb4 COLLATE utf8mb4_unicode_ci NULL,
  `id_mp` varchar(100) CHARACTER SET utf8mb4 COLLATE utf8mb4_unicode_ci NULL DEFAULT NULL,
  `referral_id` int NULL DEFAULT NULL,
  PRIMARY KEY (`id`) USING BTREE,
  INDEX `customer_id`(`customer_id` ASC) USING BTREE,
  INDEX `order_list_index`(`product_id` ASC, `order_numbers`(64) ASC, `code` ASC) USING BTREE
) ENGINE = InnoDB AUTO_INCREMENT = 122 CHARACTER SET = utf8mb4 COLLATE = utf8mb4_unicode_ci ROW_FORMAT = Dynamic;

-- ----------------------------
-- Records of order_list
-- ----------------------------
INSERT INTO `order_list` VALUES (38, '074248222d238', 13, '1', 0.00, 2, 0, '2025-01-13 18:37:09', NULL, 'Modelo Caixa Premiada', '33411d56d81c42e64fec3013f3925d5d', '015181', 117, NULL, '15', NULL, NULL, NULL, '', NULL, NULL, NULL, NULL);
INSERT INTO `order_list` VALUES (39, '4cc1c758cf61c', 13, '1', 0.00, 2, 0, '2025-01-13 18:37:32', NULL, 'Modelo roleta', '47a68bda3b21efa4747fbfb8f58a9873', '896203', 94, NULL, '15', NULL, NULL, NULL, '', NULL, NULL, NULL, NULL);
INSERT INTO `order_list` VALUES (40, 'e56febf1cb1c1', 13, '110', 0.00, 2, 103, '2025-01-13 18:38:59', NULL, 'Modelo roleta', '103673859d8715e608acb889b34871dc', '187410,328280,528376,275892,696931,848203,950666,187237,119941,080129,759894,564849,361594,213737,167087,883298,269961,502019,495215,836805,563871,815433,484525,830349,519229,921356,588525,551610,520686,839896,832182,617454,762014,317842,252140,219229,908496,920930,310155,346301,110248,984702,572557,326546,680501,713300,667840,320387,129324,769732,048354,280616,110870,536692,797215,255435,662657,796015,518386,246996,921193,249246,291973,157427,689519,208010,212250,750817,632243,349584,525901,721048,903767,537247,572345,329467,055143,891465,378560,907435,740121,202353,742805,030573,122323,120481,779572,130861,969123,356664,095369,034710,700253,341135,031997,159649,040525,798300,995285,906048,982019,116498,795197,303065,771050,816258,888550,257306,814954,883627', 94, NULL, '15', NULL, NULL, NULL, '0.00', NULL, NULL, NULL, NULL);
INSERT INTO `order_list` VALUES (79, '1dea5edd026c8', 22, '1', 0.00, 2, 0, '2025-01-17 20:38:28', NULL, 'Modelo Roleta Ativa ', 'd5487ec2d90929e5ffbee35941ae0c09', '142326', 120, NULL, '15', NULL, NULL, NULL, '', NULL, NULL, NULL, NULL);
INSERT INTO `order_list` VALUES (80, '000dd1842e12f', 23, '6001', 0.00, 2, 6001, '2025-01-17 22:15:46', NULL, 'Modelo Caixa Premiada', '17cb9ef670c1dc435d92322f19d1b542', '999866,017037,809426,925883,771738,813045,814391,954514,121618,714662,180516,513311,288144,177461,116046,138208,407913,093730,731617,517367,381887,399174,363310,303140,505390,639198,419470,216422,385245,291692,465901,683513,803066,984394,391203,302172,000887,032548,605243,524830,531345,053540,423386,501732,279766,697647,289501,265634,636502,183815,995278,471553,743253,386110,581300,607179,640443,882536,945735,177437,660003,091763,015400,963858,074087,305035,734889,061726,331705,815952,374520,878285,514828,713576,446922,733390,468608,534731,783227,990521,143116,306941,784660,949675,125714,609035,951563,950169,857646,484772,487685,841530,713684,160267,619627,429726,363145,601921,332836,538759,200986,066246,635136,797344,080741,792536,776947,116654,737017,767071,141899,809127,640481,647793,936194,584987,439495,541636,980098,737285,872769,423469,341315,964129,160332,315538,433341,795987,454999,880945,909236,450212,415675,209343,266764,818506,394629,029875,760231,973621,040251,984243,483545,500758,264938,225130,055572,193929,249982,997755,548024,463504,238076,862149,310913,638980,690380,664065,236510,103677,876258,871091,014155,634831,878858,734265,899974,154900,668746,006585,037876,950129,705048,105694,882662,965416,451667,343933,752641,713242,972040,251328,039665,559638,977412,826103,747047,820304,009864,596777,425303,966867,756625,537747,589473,763019,064060,611284,229924,131035,695821,688504,522720,780678,448592,274446,650377,211023,126488,015356,154855,828254,066973,375596,661700,067738,470923,849716,201232,814369,520231,516058,478904,245224,838065,368103,523932,367988,802075,397731,585560,334679,441397,635287,732375,876643,769622,193094,291200,410430,259121,424697,582529,516764,012620,469913,691918,208248,111046,041719,615513,984252,026442,761530,552750,753623,891856,810675,605479,055484,292217,486004,124590,623766,422497,047151,289353,619178,957430,189412,763499,924943,781154,356068,611681,552408,008194,977520,548032,806247,180224,677726,622694,443419,080680,960616,686080,229273,589845,130579,136154,163512,784717,799655,651139,728290,115732,455997,593940,981384,915630,621223,184129,018620,899738,535577,617214,647429,798725,179242,072210,151270,941488,158691,477110,757215,954193,812583,196307,009174,007600,170409,586649,556190,201830,386473,905303,700205,780316,026492,966456,390054,277972,158641,177083,377929,285892,469941,989230,974724,273411,731548,881413,179363,917662,917241,550582,780927,839260,964602,476962,729081,286231,614452,593314,743958,568796,155836,142094,895447,320400,404765,490028,752560,046073,470723,435591,254801,723670,846136,220316,753444,844565,380942,930490,673117,291228,973096,542504,206420,229518,518254,335481,319952,635276,991316,620806,662968,016612,663602,971936,906887,465034,907676,007545,573593,905103,829385,653216,087968,680471,295601,523270,085937,062767,538785,269336,615431,242110,769491,570517,828861,927982,907492,962939,892328,873210,782241,415120,937316,929893,932672,697143,161327,893532,644424,526798,521715,343310,406235,821721,174097,918633,765937,086584,064055,185057,943600,090911,044166,519841,140336,914035,083368,063630,920444,505084,807766,870979,080297,208239,208931,243307,117653,000703,972545,159004,500721,584707,574370,971251,751972,495364,035105,793745,780428,329135,048413,262167,939067,701527,915359,461957,398271,388064,355313,906232,983710,853232,200481,310192,042903,107127,846821,429194,144896,561877,857700,269849,656660,375254,641527,480436,977758,222212,131403,209130,051333,140560,329663,982264,747753,869355,591462,407134,556689,648569,039936,807986,182581,018483,078865,091967,533831,839326,314428,527949,047591,035098,535320,205253,143906,737718,388432,742419,787260,652680,133623,905409,158908,408814,168534,576079,207224,527059,241713,061928,405931,950446,039360,755436,642288,048601,647549,692670,008920,266323,132469,306135,654662,158373,658621,984421,285806,901464,603086,754599,495552,626175,169156,067919,592540,481425,784456,388764,669504,379030,673319,965423,588057,776156,279896,475774,140413,959738,796168,707217,844385,613768,958143,763451,850381,253240,640652,924816,367496,698138,657237,512304,524574,810804,092753,386226,235559,986562,783085,085076,012829,969720,536998,963648,731067,160596,772798,007222,363813,479395,326641,633836,799903,684999,913572,067150,269746,852925,439838,726757,098399,937051,085804,416709,331187,483416,395495,793401,894627,066365,036745,903466,083014,337583,190640,582714,693538,451970,480872,619708,464589,011822,111797,458790,320654,415260,740778,543437,238593,141481,103017,582324,690517,984098,508192,021386,819661,190953,312249,781538,916944,230703,571015,684529,377575,065866,217715,911201,036118,255902,545970,629638,628941,211969,451085,517489,340822,025617,272354,286649,562018,026332,024875,180792,963868,952700,905594,191116,316043,644999,142721,407336,501064,970094,721835,032462,978120,484714,720083,812787,705799,073038,293128,351954,075256,190997,369435,428028,316257,732389,121332,779782,228322,245609,724844,874293,129051,247028,547594,682616,886567,645661,361240,888499,339262,359982,514593,237506,457506,402177,695762,168279,074019,176718,872857,985873,284033,865157,062888,734152,816632,806506,250083,172100,035504,325901,861169,391775,037478,460434,073310,240901,478573,099783,092719,159992,295580,645523,936324,570801,487193,761454,749223,301323,064479,988564,410131,374301,089010,497628,898672,797715,960609,554062,770114,858239,656520,592334,392940,641831,905895,279985,143903,960294,451939,249242,290469,361084,808870,810572,334435,908835,573661,910285,308522,612377,514522,951015,088748,244067,327882,982352,750126,788812,486456,603546,445707,838463,130804,003650,730054,592184,253383,238061,521747,612200,891871,605592,315383,266240,633381,882452,067485,098654,362524,730352,158780,512774,027706,271556,879795,905638,009550,334409,194364,212960,620724,432029,877202,060786,118151,503597,241058,120027,985032,564498,982347,173203,402416,262223,489095,884041,649810,165297,953249,383076,199546,813522,210616,627235,863071,271962,244308,069205,495915,031348,697111,281765,134181,875377,991000,528585,723107,810711,260538,788973,422632,995298,915143,079657,729877,666899,492481,898294,682319,774017,973320,525594,113717,027009,044747,814638,142036,552223,397618,884137,028190,840313,537547,316743,351771,844576,390917,111804,193464,562079,588567,515924,551303,460222,584771,628720,751979,627308,415436,521250,189235,516847,590314,638807,637182,330361,451473,780900,494422,861760,163969,169693,976798,162230,574333,823571,685665,611917,580924,934924,522883,087787,080986,255094,060670,712715,723081,648479,832590,924687,155853,190246,903471,594233,719270,222877,060233,821172,595811,536563,335991,233539,529391,545674,808228,056645,548487,441976,811281,755943,668836,175893,040594,067837,026589,132148,096402,677115,543592,231919,922306,061957,837943,657177,652213,124015,360725,087151,614426,314392,502910,886128,527188,510242,609667,337596,584443,523030,806665,391157,518200,911826,007721,901860,099768,336436,688169,485627,114012,866414,494371,693911,946753,268374,619980,366185,393048,971443,015529,538653,839039,528927,524842,449155,790818,800586,390718,897579,568281,271087,249358,257244,562515,974871,842938,578014,479929,841732,471778,279011,116660,433743,308499,507645,754503,648141,583031,391252,736468,063031,304774,645919,908635,024388,719710,040265,975766,564338,776685,314420,169920,047511,651722,441155,387977,643471,741325,751001,616101,666077,384428,083611,530710,082985,188875,554286,230277,427502,941052,954889,874326,596991,629426,991671,828102,146066,606113,753518,323049,046302,768156,431015,655596,127485,331681,381971,302384,878109,699770,067650,716353,996487,321035,507165,810781,405240,146936,242213,445859,175472,918496,434769,417142,171932,606003,650442,829993,225551,501365,900400,548761,009267,416758,985685,684066,046765,005150,868634,567852,787980,172944,373741,459092,484870,004239,356076,508149,417688,478448,501750,579237,867233,605938,923828,562794,713193,891952,835644,522790,217150,087519,717388,430209,618888,724943,586930,682164,486662,637143,492987,551947,954233,388522,236902,945524,488723,687944,441153,944302,809850,832534,295216,360756,617581,763954,658964,190281,665667,716719,941083,138702,706826,596250,692601,299960,420539,766859,396437,796150,907833,927936,694340,691360,573823,433952,482481,799121,897897,749023,423998,340945,355503,650536,080213,235901,576806,991207,990729,043715,608128,188211,651808,081010,398778,676609,560531,116007,145184,893385,096922,989405,904743,388524,471921,917758,758450,763870,019923,360401,365109,564391,100877,558962,315323,943695,335689,645146,102528,471980,137846,524870,463404,045855,083850,525600,016256,082775,523478,459155,631359,619083,159534,964162,910512,837906,613537,368792,724449,055677,953078,718059,204116,075386,952713,448406,270568,014370,955104,968078,376275,170848,189304,321369,296391,209694,504849,756352,781419,830079,100263,395356,219055,835122,783193,008185,466191,586030,218997,282869,777454,247078,079283,888695,953079,085238,568965,211731,145407,822017,912520,861391,548011,480692,457924,568984,032102,548683,774054,548558,105266,393458,399466,450137,447118,508879,945244,014455,638805,665660,282280,672468,417366,004384,428501,491794,469665,070570,518592,537780,739444,828745,187624,717643,980741,763369,266314,999926,135441,304592,043657,032171,344479,876925,669656,376100,217012,033232,444123,588043,411340,222736,450562,714529,199374,775093,741228,439245,730216,276349,550860,135290,309110,999315,874251,223959,197805,860924,904435,293772,886658,455747,368991,825763,717333,393251,566061,143395,714145,517618,659484,951856,567805,419126,365793,705744,990161,837621,026773,872649,288856,843169,539786,979510,181840,347543,533745,849216,626426,718919,975690,609334,446367,402155,471451,368684,990853,589484,637887,604139,627863,278035,723171,146285,912824,542781,296918,121815,353801,894866,605141,326096,474759,439939,319213,874133,916564,423449,549395,537212,000612,228484,497129,782373,404804,664956,356260,258905,828189,991823,051978,034382,622489,566357,035829,163135,099568,048127,497237,795262,678798,608843,433547,310785,400170,710549,206130,912566,949654,783968,924852,908787,607965,693194,949585,848715,187860,564701,369320,028742,313328,547016,711861,662992,297776,736076,419374,326582,004173,738889,541494,425380,333479,358009,117952,562826,060305,505073,835033,794874,524225,471852,977549,373343,402743,323625,321606,290837,908485,279803,533690,667483,533106,271564,793744,083745,567552,018995,436811,325417,300696,967505,801090,578503,007306,040231,876553,683323,048820,032385,791542,133939,123242,701564,961696,642402,036153,570636,149770,664176,776196,329662,376887,537156,107375,285688,284336,037803,564566,971781,604090,112130,703668,814598,587074,281393,563127,938218,120144,070722,791814,386858,818876,956264,938351,491905,931919,571679,064934,534203,165244,931155,398095,820690,925968,981160,581162,161387,381555,716624,421872,795922,352161,296902,663799,694918,432179,495979,836149,214924,903311,098768,703347,185388,854291,248563,521972,413474,314210,222895,578736,354387,093848,962444,779666,313668,395636,829482,527868,482843,779860,663518,186885,417581,443823,357187,694204,666026,014373,518375,818698,359461,206073,327654,849561,030752,939207,654484,414289,895674,927011,687459,286367,256050,247139,977924,934049,015130,002117,124710,384502,182634,052475,047754,309690,173905,240784,570976,717830,689127,864438,263548,372669,660929,292399,504130,212248,244845,657582,768243,135986,465964,335268,108620,578780,279403,265226,111780,480307,755660,259867,469240,910067,686927,164215,399573,206088,078415,766213,482886,781060,921410,552336,640567,907822,440098,907864,822269,058357,272879,264629,586315,986210,910926,255975,416154,617793,763423,778729,479327,504848,860486,978717,261227,826595,525847,904062,163933,656195,607045,885289,385651,684474,850506,313350,294002,074643,344051,662242,628359,860456,023143,295409,753678,959499,594435,377971,736571,673865,117908,836259,114303,811496,609573,827324,113648,650985,103922,394105,692597,172005,543516,831327,162514,079570,420196,133251,476163,956160,682312,023278,494654,600722,440086,947853,147531,044665,846375,446110,951276,272428,693556,618150,722686,824647,308603,411556,902589,074497,157157,159340,190343,350122,418023,257086,835674,039133,666576,209198,897824,913357,497953,463932,313456,716006,625288,804462,580471,639693,636299,774081,889659,239335,307168,808539,079267,811126,793940,590773,277237,519436,567360,614094,160057,482822,449840,373757,562576,918971,036465,779379,288670,439938,912958,536917,127403,861987,939475,794477,052890,727909,341537,213329,850462,332441,315874,676846,474256,227733,570062,033598,767019,912309,247915,691769,765167,135398,990184,479254,676184,109518,772120,146219,090773,203485,174352,932423,215034,622627,583832,768280,332125,457482,930996,725909,139962,175740,481201,936068,600793,824431,693975,490434,193724,768742,666702,925238,100768,020074,196810,299859,334143,232565,049811,859799,305020,309157,330182,213754,904910,212890,384571,329120,211559,672285,854849,798423,793250,391540,539365,658239,121254,873837,689583,153397,285947,333020,232340,112241,253915,195122,286226,366741,158822,706712,431455,201375,277912,324536,871342,647636,312531,116364,061142,929901,332032,023790,123405,657331,744446,514662,610254,326713,702050,835297,623772,943136,175821,537155,617115,009885,540328,640190,552477,462725,535513,690367,325452,876658,573002,269977,977715,044272,005260,404499,651428,644848,921692,761517,359501,179067,355418,880387,148752,122717,028379,040517,453944,930174,808058,424989,357386,103804,990334,673436,779377,504744,760916,460912,081871,666629,842453,081624,051138,979033,285256,682088,616816,976488,962311,384263,580162,694187,492556,445877,629164,058437,137722,256447,273516,904481,534567,156591,481228,087789,688445,360214,145582,716505,138604,814569,788595,292824,341451,841895,714881,363631,225307,582070,538061,988812,073719,420665,280976,538656,897073,228193,029927,525019,107589,443390,843967,634576,660844,734129,679182,260757,375215,263032,844034,572482,196528,998354,105638,618903,106353,870939,016666,429464,429344,224736,755139,415689,150378,614267,869573,788243,868660,861359,784857,467990,062741,887655,759252,415415,575641,664064,800824,447559,397873,455739,438282,338400,890675,589902,452928,224024,096671,757954,360488,655422,954830,894927,923537,956672,959182,301096,311673,064648,093491,141081,641282,902444,584015,778275,878075,491632,998647,632083,958588,499361,747913,325057,625500,857823,961473,425582,138616,117022,024412,474163,944552,785044,764040,237886,815906,988646,156505,248160,507363,771492,957484,199575,908115,395442,950422,699965,770046,312978,846313,034792,415217,990434,952257,467598,387174,615785,532488,628370,553206,804181,734242,470243,066803,724901,073837,254349,363649,803250,448034,078706,663828,131756,782217,627907,976472,383581,382148,013487,607994,449251,015755,685201,213297,448400,743732,533408,731210,465467,273311,687408,002395,118420,234541,976445,385261,117750,120798,683186,969142,102004,894875,478241,078460,080234,365534,847722,605878,754172,274972,104693,012592,039765,015654,651892,869195,136888,544439,951020,708816,809830,241034,476854,013762,043910,974613,011525,600220,243748,607133,536088,446802,577735,089664,641691,933078,293635,473859,173036,502520,397602,116552,095533,595505,929045,033178,541503,464045,250566,716720,817004,136449,900124,972041,894957,221323,592845,085915,834245,637398,353579,407067,638777,072852,328967,352638,102566,682135,651467,920846,728634,718117,763690,943694,718712,944806,595102,788917,522867,086491,240201,191650,907765,584496,238142,344752,844581,380707,386946,040691,629781,163572,305618,367436,134280,257928,039834,001363,561736,590172,909488,100225,827198,798919,691340,238949,761683,391357,784226,256076,814691,400721,248403,738653,007092,506613,607804,613150,044858,828572,561563,802989,385356,323095,767671,684524,583388,734902,255755,303436,821326,366235,426824,325669,914332,791381,269633,345317,288570,483186,613895,685624,556097,260324,330831,211557,141998,263369,839358,135881,955832,258286,372040,067562,766452,679759,701269,680541,124774,874603,605869,511211,181616,484319,101819,117857,231037,071601,849002,375659,877989,698920,060690,688156,341091,116301,839904,740441,307216,924447,832662,863167,686052,738675,438509,608954,592640,544882,415481,179602,221033,896155,711054,768896,000406,592529,585409,579814,813280,452251,355515,557763,111280,523527,358051,511646,495837,338912,081946,708427,338997,244045,420801,404744,164466,828652,220312,692099,143405,697040,319227,327752,723844,152437,879164,201950,783869,561917,567583,477124,863461,436037,539802,062015,335588,712107,602301,926906,058940,743998,309999,433382,910029,570630,672758,412028,090105,950286,901103,571065,605699,316090,575715,601965,113441,508306,334148,638426,448740,124603,057362,189309,071345,214709,248286,485061,017676,429703,898653,830826,839966,411539,564700,522156,853366,036784,858037,377278,370076,093768,598632,281424,856165,130473,096050,556444,332210,689999,334754,306053,487821,108489,894408,232685,923040,356370,510784,176705,991386,363850,091960,009457,626697,321249,810585,231434,788139,254644,529045,420405,058535,836904,944570,998119,290770,325649,350203,995645,533626,560651,572323,092909,362667,205657,523603,307199,170162,241661,125220,561444,141132,001168,589526,651572,026467,782473,184918,130458,247525,376141,423608,374068,409012,277164,856123,368559,113920,165752,257179,150408,994372,194634,677535,869213,657739,774082,194313,028138,970207,905227,345082,537484,460409,820724,603999,066352,288108,687627,136257,908166,904036,764739,728131,139269,980552,307233,846989,503484,271693,183850,788469,587836,725243,304342,478371,693282,955214,240732,670666,950808,613128,482412,006862,800382,902491,051812,488824,112928,856677,837434,967215,369864,333800,470125,549763,774088,371059,485509,243383,263396,026164,089283,078469,442484,508060,280260,778810,750682,575722,005740,758559,673565,270827,242738,379088,738984,489731,250311,264783,647198,869498,106750,584756,647128,048290,182378,414869,024228,538538,156135,640059,453735,962205,759175,584591,208976,435306,231855,059254,501168,482532,102866,359366,573053,476865,733167,184585,544697,445683,091065,414762,708138,626454,441038,387232,917049,233737,537386,605186,626914,713158,112369,954800,426407,979053,247257,240401,819844,529185,205784,921933,860982,090944,726071,707446,277364,456777,198870,798360,720188,562762,332885,534984,846626,979163,877602,040937,393298,286332,954481,486224,301572,478735,502892,228034,516514,778206,126012,753533,960679,381075,158508,309939,288161,474324,343819,410548,643659,330698,374426,370335,117826,771912,468294,390469,175745,944419,990409,500185,575164,401232,931313,634767,864048,447014,779940,445022,975275,235645,654168,500183,825851,311941,801248,139599,094393,063331,378184,458768,354890,580309,320288,254881,721669,053795,537206,179476,235051,840179,730238,680142,791315,900533,363635,819777,014726,714644,722761,413739,780757,654704,202304,363804,895564,213284,918682,114234,612250,939544,600126,441864,618021,391465,263676,347619,108144,332239,747731,555551,797718,797056,247706,407272,279400,909646,407447,763834,082318,604157,327881,033629,490904,350530,043190,136801,283872,873928,407904,239627,961017,705512,151386,501027,963740,118347,911569,277186,754521,536256,887015,318168,468926,082351,319184,511831,335971,592248,529801,691484,195528,987945,107903,629635,373275,441870,958032,279873,860988,104038,497993,719590,951440,399363,561770,448714,366075,714582,134019,105543,472312,694810,303011,886556,210938,833013,224760,770898,645351,093394,115915,859488,129219,268597,809672,919914,223997,173242,556500,096582,266752,423598,486304,757067,423383,539869,248655,918273,353211,474002,283595,923278,058493,154678,051892,474797,595400,970427,959212,142645,855081,216210,584253,170342,055537,640006,946824,256351,939176,881239,751400,573221,063282,632344,562645,551638,569945,384189,991588,689345,168514,113548,562915,680936,540372,684192,843005,188843,786728,795692,518702,364994,863516,675350,918821,634131,213926,758896,638763,905716,848973,213473,796999,254712,985644,717183,314374,084565,479654,315036,553482,515160,602716,361279,797233,394496,258231,723743,565097,186436,556022,078794,404284,635905,906245,121751,896714,169182,887564,608679,272133,023726,827593,972005,982393,209245,062329,122298,098245,819486,846220,886743,673070,834175,574240,934865,131408,184621,747227,617336,886378,490480,174701,128039,552895,666175,695047,998853,098881,209304,945890,658676,221542,183282,437258,575501,368722,566151,074464,190411,521618,793383,272670,579517,594185,835963,169965,147443,563063,344932,459499,779971,354123,034632,949030,552793,115886,938258,240188,169739,025702,403476,776750,840227,589980,630180,525942,489416,780628,229908,015625,535065,934861,754952,112728,272951,454478,162643,892653,405600,820132,345188,696269,386644,781235,587411,355801,264608,807784,590860,541822,726435,614597,725983,505828,865280,373471,333742,543070,681028,345757,845359,681314,333041,671162,195103,783033,645525,131893,360417,473101,578007,245072,611243,056985,506211,336041,529564,108551,723145,443167,557042,026752,168280,153077,541162,478315,923079,339249,542825,127788,714637,031975,215942,375233,461333,235267,040024,648256,642819,752454,275630,980395,683116,243022,127182,366399,886404,100502,662318,354627,400087,634683,752964,666408,370197,207146,095570,842986,942544,481114,687931,199730,820951,996832,462028,358355,412578,672883,367584,121592,356342,189616,822452,673971,194132,960064,264257,170896,209288,454005,921344,893631,793126,507049,139251,509270,320874,190166,769320,403749,455415,031306,478808,061032,574739,402015,648268,068219,746141,275789,882802,618299,165275,675394,180906,684828,547317,475062,612156,211654,230633,360978,783664,467179,149234,544225,773715,665347,297324,557643,720971,068755,977589,592301,357325,679712,360314,925399,787393,795069,174699,822131,337756,806277,410597,891710,321740,304932,587407,839560,104106,843439,204145,498123,065022,501174,303552,778324,659765,060825,811883,466078,453036,588786,454896,359728,226763,153504,533688,896649,985327,914990,797593,152161,599574,884617,815792,823667,933032,822398,101642,880255,423202,116579,740555,797376,664053,314767,077808,523285,354922,234660,010596,201442,884910,706566,250963,733120,874962,811564,089251,539363,384695,051684,969118,283611,673683,150686,279376,476238,563040,847959,226916,845499,533911,608903,069447,423362,896623,957599,315772,331217,231544,105661,958165,747787,202144,452821,224931,376630,143082,578154,535652,665581,964340,792663,427686,900842,688900,730056,857235,658224,728170,360308,547104,007021,674263,599442,707449,600374,298522,140158,788395,729915,795991,534478,373427,310515,917664,133077,349897,059301,925330,498577,705764,184891,227735,536083,365180,065766,308719,536681,476600,144834,055991,320695,372850,645022,844626,220807,727131,976805,731574,239115,747556,095564,614861,719669,589213,355132,683044,767816,319264,816227,508376,815379,488054,636294,787367,354701,965306,691575,839955,164491,649398,566435,281290,890878,284695,104599,924828,177932,912025,707030,147589,974493,436254,099037,377245,234012,425555,631520,821686,568562,343395,161866,467597,744253,184759,327810,788169,479606,805107,523609,364629,076329,394405,867155,469484,348653,441997,820737,766773,228072,234600,874570,934002,267135,846960,927429,634352,301278,701019,430045,103777,792597,333426,037666,219059,120690,411017,739020,325066,564382,655427,023186,272635,230040,678390,744782,814988,249460,720292,799651,018611,996592,959963,913343,212351,493358,919266,339641,147299,265831,947889,228413,647325,992184,918264,015746,775800,681057,074885,148345,069983,434097,451040,867877,003053,188874,626591,537263,556596,435392,107535,540610,538435,414087,844707,600920,269245,195511,575499,113144,625100,118739,292420,337892,821605,971895,356821,599971,337902,882259,791002,279918,208561,234866,687084,160553,883191,123367,329340,694423,286626,063870,663943,899136,119347,617902,454602,452137,265686,787678,510907,024538,360448,038045,053477,041410,020765,517562,452568,886942,619896,920651,034419,523424,321025,343029,362132,969394,379963,148915,912607,448913,632508,451993,367070,725877,795325,031665,522956,228939,485026,547311,229947,291156,364959,073575,072390,451978,838837,881070,538958,855725,801534,292032,652931,220577,444968,120896,529802,772118,913726,448765,162406,356580,028749,454014,438917,926770,453042,203057,460595,083027,582800,111164,815955,811660,910267,755333,554626,062710,457560,445782,871194,377698,799275,826534,364655,835137,437864,090440,698391,169074,915934,358477,396884,629835,558353,216166,474190,499351,755541,864722,312430,295538,782376,206885,652991,469207,920320,449329,638476,156592,418470,749097,548126,874001,592902,836581,913159,030707,638546,085973,231179,849248,077455,832415,086198,864215,900367,126985,440823,418266,624011,804705,017027,483272,787208,884889,689012,057867,815885,535435,178789,814396,288746,177530,293188,909877,550248,017876,127184,034274,626626,158952,314954,228601,525028,930851,095341,819782,030130,344383,531534,095139,197982,782153,809576,008809,739368,254248,999616,958878,396648,001857,843178,675846,044957,494512,941646,503134,845348,872188,533610,793370,035328,837832,949002,536653,363084,974573,813767,801832,909961,033094,191939,083496,976935,987871,385243,697866,671698,344715,250370,859582,266015,462791,715551,253749,163765,672488,940400,090228,898378,237498,786062,017907,334910,365657,745662,059196,015649,784973,327313,076678,479085,586763,978971,058073,235743,305203,579273,563578,823786,764392,506465,745962,030429,578409,239200,380040,217236,731922,545278,782972,962363,749504,720532,440486,820603,068187,178158,100843,608340,412603,276182,479795,016326,896831,273873,447088,913237,064129,974359,743741,013237,406414,308057,858107,833893,592848,115316,490693,684024,445023,644335,939410,852584,385564,299292,148741,698335,067374,981636,229873,832288,478894,271353,391044,113659,932076,731636,313571,992710,264269,187461,535672,314717,362946,005463,112997,701795,967605,654787,149533,116798,182699,584420,954113,092413,146997,188519,429481,619590,395847,884075,269172,877475,330171,203388,320627,958829,636632,025899,755203,816123,472822,769760,685091,100907,405470,388509,463452,265848,635605,838436,702262,258670,534194,982572,146526,323433,282557,071764,092255,566162,599579,927538,733997,336740,587378,017076,984479,290915,039694,848368,805563,182196,750770,920510,102530,226471,987723,426149,729147,248717,469172,600513,410715,338081,798910,771314,406540,677497,559260,851931,077188,269480,663222,698032,570563,522938,547157,406512,779174,017327,710191,781352,171809,805321,338875,785362,999148,863202,767937,352567,457989,103957,772967,392831,915246,603874,499600,406719,428995,208407,154599,111890,669321,052407,481612,021448,092405,316680,376561,600100,149397,434512,476858,962430,685529,188695,335609,513906,654997,918908,665789,810341,598428,341260,942876,467773,991116,221611,445652,084969,461821,266365,514293,592146,714770,766873,833158,749298,100213,706495,470017,002295,373274,279914,107672,856116,941835,268687,896968,253012,304714,844742,063634,264154,982768,908915,931732,204948,941617,143284,665264,564327,095103,585172,286752,285435,600672,922116,728732,072951,043797,451367,000259,699356,780201,782892,625676,232838,861476,561162,982496,478042,751140,147420,617857,195292,513691,086162,562251,981630,791192,212713,912791,285723,890316,967909,907211,562940,934075,334371,133880,954227,265987,877991,265051,920269,479824,764800,902949,946255,788676,968018,504019,595557,883735,544211,831564,618662,854644,399168,989404,457679,291157,539051,353551,122535,572750,458406,865829,680237,288027,094326,776630,430524,897956,429739,316405,469959,664405,778967,424967,943678,372115,519596,875782,530575,227127,225240,759617,251203,349316,305163,244002,311246,681164,031189,165249,260856,009412,658196,385970,864381,130515,046594,880066,018422,148907,400976,225391,767451,662825,096508,176277,890829,926632,275023,905244,702548,165567,957134,075931,018503,299447,908306,278463,909693,348798,414393,042570,260171,589892,887759,277159,430525,500741,573619,596767,321641,155324,234026,652997,391661,846435,237184,885826,401173,909079,201594,311581,782422,016415,334010,724771,103344,433734,090272,462456,589066,509334,813560,707687,684609,816777,312275,679112,762142,427156,895300,906746,937758,909607,643404,181008,960619,954061,838724,768756,127005,933975,255816,914231,984909,435967,981551,910853,550449,162443,799753,125962,602620,286175,313766,990594,705018,396118,569202,004196,612834,150489,637033,315915,218176,695700,936271,800979,469360,205066,466165,532676,782138,347660,930322,630485,729527,808232,204228,650826,169634,522191,152953,205387,433679,468884,230000,338879,599609,420146,882624,400300,722655,928735,330117,538434,914492,511309,867831,658109,134963,376984,348291,673412,242238,945675,607894,155355,584961,320607,298473,515677,355905,101008,654196,847124,206174,151232,333780,550986,054160,646938,560008,985297,197755,254722,181741,779014,505544,153825,354886,904233,311557,083249,740104,347863,158312,055821,833465,413610,805459,482351,922868,774279,699069,369865,714778,411177,996923,277190,286650,844966,178224,603576,805635,205211,904065,565915,529227,453329,873304,979067,263194,968697,388080,644495,143949,852700,992717,615193,385794,074737,352822,753916,412335,741676,185559,671001,988429,024200,607113,186764,374507,405370,665847,031685,645370,277386,708804,893271,555549,602403,074815,418952,684727,707600,701751,978884,968944,164721,100833,574010,017670,215124,509705,453746,190427,284352,037284,395477,754015,476490,694120,731243,344831,066553,788193,775330,285950,513520,335084,034845,673687,841101,525489,910354,579282,726957,704542,025537,080757,325076,673064,408143,730452,291104,904909,803445,984629,253299,135999,155553,516871,889050,015023,259930,785589,271705,284133,783948,488744,394446,020045,949129,061788,478162,289626,391965,433958,745608,279634,802179,606960,393921,559538,478026,516818,519407,788393,637560,523996,281443,290183,196612,315286,011345,714697,176521,048728,068438,203011,958388,424812,165674,647635,307924,099702,851807,360001,097289,878008,346395,849071,838378,414361,946228,232384,654784,226172,354729,429441,928955,632222,243966,748304,321336,116106,543030,102384,508240,833030,960684,132649,914479,575486,883421,632023,120403,612656,563984,002845,058210,151702,128528,161534,626406,274257,849833,384231,210213,273100,231439,493139,640550,878146,619883,933932,536590,009290,474208,687180,929507,897342,626378,801990,224772,690175,175420,070086,858688,536642,165224,306750,318277,319802,669078,325963,133097,913864,051613,120242,557702,124860,168907,454027,616029,138650,710423,644792,418191,041556,123238,992724,132024,456902,407592,006739,069212,102132,527696,456108,566334,563095,805620,313357,123844,772253,665821,623718,701499,502710,350971,482523,327138,211318,512758,115594,189900,206125,127252,891195,893170,180118,807534,641912,953475,330840,662378,137374,550973,140428,499422,356187,166531,309787,940817,919683,802840,862123,934160,630012,073088,845019,529140,097380,250658,306416,462394,551641,618049,375459,210076,885772,545173,508250,386712,636760,434037,132068,978743,151523,371039,138651,774807,021492,355320,093893,319257,952797,724544,747372,034244,097747,417077,521725,039405,024573,031979,455690,630260,520204,336314,850685,531054,414936,626734,062844,260806,806894,645415,420094,942682,805576,010901,884285,959428,301633,006964,339487,427441,981670,076322,973861,010079,017296,655390,686467,950073,175322,362474,407251,102203,278585,072895,120259,599278,317916,596399,915361,395201,079103,156503,315926,471661,147262,287683,106638,425641,178859,088188,126687,557251,773777,850360,104675,388910,757147,244593,908132,772263,932453,762248,205446,854811,378551,870466,503700,760516,688286,307861,991892,996037,532269,191900,917163,606246,770434,055374,481489,187544,239896,301918,533393,912679,276924,539250,941911,768946,835052,587823,646348,265591,624495,035538,771272,590095,685111,812546,140232,096507,629672,979514,206657,253549,755536,790576,356862,543642,413159,947099,610842,228919,980615,891840,501097,687724,544296,344362,443109,779961,731304,195672,475375,134990,987566,751146,281037,267619,072375,080516,236067,680264,657549,929956,594198,587017,367770,458441,095915,669513,538992,728875,400743,894445,273033,782332,602013,564591,178693,115939,934013,827995,281241,950773,074309,598111,155913,031999,377954,156034,891024,141610,263589,790447,448153,562250,085148,228361,093209,208132,967318,447905,610639,279295,555901,158085,661839,531719,781710,853007,872487,341374,192896,201922,061700,154531,190063,032721,574877,159503,529340,760932,753691,737791,658089,828955,604452,725066,895919,809348,882574,659057,111107,076308,931949,885097,134125,267324,650711,089365,294341,555581,817688,359514,210764,897834,079335,934343,081580,615848,844563,996171,563175,949823,616298,336452,916223,921371,939814,578950,450452,571829,114537,072134,193163,690322,355047,611079,126276,864412,784791,318717,207112,324286,846128,033185,973909,149312,826092,855946,808885,443738,363420,188280,393416,572684,251449,015156,028151,283242,188052,784974,967274,652932,827418,540790,855693,256416,081599,003389,888446,029824,289485,302353,998477,413709,503470,073127,359612,337931,726630,960718,134340,734237,238483,124918,621261,175207,997302,494346,287741,029678,594511,940717,002429,227376,600196,255855,400271,301844,141599,265260,041165,355496,147693,597085,401200,266972,534550,272109,425782,393380,101309,538803,060035,997757,082246,655918,111533,627195,666871,812956,924645,335278,172903,922449,766726,893896,150777,676904,257883,028759,931970,922766,179238,612714,138653,911553,316228,292681,379694,225837,332427,994734,030714,269337,379205,120720,853215,737137,633430,713796,324225,669958,616379,691809,216598,750748,031658,623780,196583,695115,763140,289432,973763,350102,958132,733297,372595,467775,404095,972509,306580,068037,104771,144611,947561,082507,566587,105565,695864,691922,509649,374253,683437,252485,526321,717880,612717,906583,994840,410564,889660,809701,190192,596307,045325,089382,670195,876179,422722,600248,439029,315158,423043,365615,771672,535661,116881,391924,491759,326171,640613,231404,551325,629873,993779,222070,358283,298191,085888,613228,532572,402783,626723,129600,354086,649675,740438,360340,049891,819523,407399,672815,731140,407093,613747,807455,352350,936998,040993,271618,787082,674343,601574,564804,447205,687795,704664,330199,024121,903418,511725,061087,943339,999722,911277,368197,780574,226756,754103,774681,672585,981669,150589,178566,411664,345200,807983,677383,909346,868681,219800,017472,930096,853068,046930,886669,123382,942949,956913,773540,660004,149689,905723,269576,285869,397742,596155,054221,077441,208089,213366,527424,155357,437598,940887,975958,170415,102225,563553,396969,107555,438467,246682,581058,203809,680420,153062,022616,694616,587856,308225,773312,506397,487066,538684,102476,525934,756851,127561,189671,747583,810205,701262,172291,550902,828065,094989,152487,386547,103359,702219,886319,870645,911244,389822,373364,942830,189508,273326,856775,238494,928015,390627,515764,245171,669468,269772,796456,794172,493396,893939,952351,345984,376398,844337,591076,217143,965746,996668,592974,668809,590202,882717,706530,391901,079777,060863,583610,053915,088358,101804,809826,101532,099835,419431,448651,532908,476758,234070,232728,382507,564084,366756,839783,175836,035260,080034,169997,343080,191613,351831,689325,176554,160397,703846,276514,556664,566725,449798,215916,660632,912744,708910,949856,180824,020872,006017,983055,255095,763744,623489,144794,326549,219954,493173,417149,860929,324720,951747,050005,515384,009910,373697,455578,484486,439784,952986,717045,643241,916453,465723,320633,692733,542994,701495,036013,685257,456117,063978,353985,995974,198354,834902,885761,180539,706890,563614,357171,830239,074373,569550,605760,405090,478479,697740,819928,928249,121453,479548,370896,710451,109328,109416,527193,206597,382243,167960,424898,169329,469110,977992,500947,183430,389700,188258,244226,929027,883465,496609,936122,265251,594694,651101,842816,590661,516497,764564,776011,209470,561195,712143,443433,376094,209844,457552,792499,912687,371426,941324,652189,798498,471838,261306,033021,636150,557828,689749,701335,344053,051153,178226,547643,472808,672721,737689,827068,137604,504503,633740,287682,215381,882254,666949,150849,856151,960327,719811,026263,254230,845878,551603,220369,183571,062363,807408,724378,528559,149832,622730,504713,200187,709477,142773,185360,137539,102026,390234,888952,392716,935656,819514,632755,782895,511827,830943,080785,885215,432349,687438,132040,167592,205957,717542,741244,240309,844755,490142,156202,313468,578474,842537,586538,089240,551872,654718,786963,608795,735259,631022,942833,365410,725930,905619,889612,562316,557525,515595,266924,678406,376191,396668,217485,335626,624055,010019,770873,719599,329355,163386,386468,333001,902623,126205,747217,326431,768634,578713,513746,221526,187477,683891,427522,138482,730359,679133,021455,519750,950971,408417,673270,060495,311045,035559,763256,447394,162688,473807,887317,662771,911270,315958,128672,532496,026478,222549,961922,420104,589095,740889,119420,074072,457270,544714,102731,127241,656563,983641,724810,214299,966967,427937,158463,047968,643587,740844,043849,279214,372601,866486,744307,814551,399820,110239,937417,160168,521847,681794,286534,891292,842579,697053,866032,975447,351545,581776,439609,966876,408870,119853,217873,279713,793841,129195,142081,745342,839728,000403,292955,918950,934786,341594,714988,059869,460836,120790,259993,429675,284295,603025,184465,342025,672367,860824,562309,229295,478311,246894,145009,447217,725799,518113,124885,905897,869256,667360,587139,866616,124500,247484,989191,798596,486970,410139,320105,202910,625675,204863,069929,133767,492537,884673,923874,116921,103582,868933,928251,045434,726287,580020,054103,299558,037281,239101,766085,343191,186045,785017,363503,769900,277570,552584,729086,682138,313140,569854,485354,028814,106231,442194,441188,637283,343054,320170,756009,447778,674521,442988,305694,834150,085476,783964,899424,702185,862230,385360,447701,321271,158779,628976,262618,924796,781080,870836,070122,121039,924188,458581,805503,094258,017180,252531,289294,209725,053691,328519,715220,358759,036112,380580,007238,441039,905212,605979,183314,810238,271386,033131,438154,341152,159283,842559,180990,301122,554267,273686,518629,065613,333257,692082,282036,692251,591899,675644,188559,816014,742688,622267,830141,629704,856220,325980,869894,839990,626963,218202,511545,838550,295888,621659,612614,312998,888338,405478,471322,875041,350382,277465,618361,654781,508484,848155,833266,547492,226063,364273,190776,939846,535393,833335,249180,720816,090645,513650,731245,407126,419599,105814,694237,212221,717795,054962,271997,690697,510148,968223,810409,059175,980876,564302,667618,966629,340667,165843,898003,510835,026977,101854,694248,676093,761630,338244,745792,059723,563435,109262,940177,231901,464372,789202,537495,180363,771139,629705,662769,965209,667687,505634,084713,075567,121854,016221,148925,607999,443554,661297,438925,131688,832294,404042,093502,768077,583124,523211,244220,492759,336364,061820,662295,532473,576946,517625,993213,183161,792094,028540,970952,238075,421719,933009,975678,982866,793356,072985,649555,522817,972875,552898,863189,630729,924463,560747,942920,889741,024190,971180,520045,130557,712930,969524,633127,287646,542243,949653,375030,318107,366786,208978,336919,907161,084193,405621,548253,077308,701875,169449,473388,381697,360677,933312,277341,724373,763922,076337,571834,662069,226890,239686,578605,173005,612859,371768,145327,351960,778427,403410,663389,003989,036090,645023,789955,647525,028836,590790,824750,736899,964935,858172,641165,333856,720861,271697,386993,562917,372221,563010,848453,564614,282380,253134,882567,406939,849688,904734,244750,056452,034108,080862,952116,660037,315532,434990,807237,218859,723020,969407,218767,845306,671783,856899,573686,133148,147736,828511,406125,701594,200595,310853,508675,710791,751025,052789,714137,395823,262740,329418,466915,325797,200435,179672,157456,986770,312897,088106,241513,864586,948065,416645,473992,555184,777990,291000,054567,126044,347109,582765,451895,553436,492818,739518,095969,834785,394975,710624,953571,028939,748520,976029,897963,637337,405952,263021,112000,168036,138492,017033,026727,111839,237810,526679,838851,531492,823368,189130,716979,900557,261065,355397,387668,669926,870977,377807,201262,147580,404269,290365,616480,032995,293805,956756,760398,233951,122661,810049,006484,365525,375649,376372,018610,946415,369018,454960,157128,132303,522877,116172,711605,708759,786675,944449,835170,520941,349171,428903,047178,809228,332048,108057,647585,868231,329008,549092,530591,990647,527449,383320,369148,743067,685969,299814,569022,692839,818923,297682,868122,285727,593885,684741,929849,273528,619521,814984,963110,049981,749268,676100,543646,743708,221122,392755,788168,028157,620484,265119,117405,746456,583092,606984,599248,105896,426379,378140,627577,190234,498140,017563,749936,278589,466813,219974,822512,936419,500519,171963,207688,276278,119500,308823,976638,226961,311353,908860,806469,648962,658312,196239,051391,920352,386345,647009,733037,195800,065804,906945,189305,263937,034729,752987,862159,362169,362849,920806,349724,738781,572929,075969,612636,874371,415292,824778,350906,449137,956554,184792,337854,238458,490974,753966,531058,531398,953325,891749,830876,542771,851778,993160,428483,941455,398885,468247,235552,001628,989667,782861,174268,578206,106502,303666,213402,510483,258576,993713,413597,876121,720374,614242,178390,771990,834878,170458,296510,163615,880904,664540,058832,033887,836335,131228,050167,266060,136468,711448,023153,321429,548238,688291,569987,140083,275214,185707,694908,642599', 121, NULL, '15', NULL, NULL, NULL, '0.00', NULL, NULL, NULL, NULL);
INSERT INTO `order_list` VALUES (81, 'cd9e52296964b', 23, '1', 0.00, 2, 0, '2025-01-17 22:17:26', NULL, 'Modelo Caixa Premiada', 'a001a79f048e22f29a6e245ef42ccd69', '267842', 121, NULL, '15', NULL, NULL, NULL, '', NULL, NULL, NULL, NULL);
INSERT INTO `order_list` VALUES (82, '9b3d3905cc633', 23, '2', 0.00, 2, 0, '2025-01-17 22:17:54', NULL, 'Modelo Caixa Premiada', '74634e3b859e0a31eaa0e110ab637299', '673192,191794', 121, NULL, '15', NULL, NULL, NULL, '', NULL, NULL, NULL, NULL);
INSERT INTO `order_list` VALUES (85, '244d8b628b2a5', 24, '1', 0.00, 2, 0, '2025-01-18 09:23:02', NULL, 'Modelo Caixa Premiada', 'e12b23f7289226c15bfd37b2f08a2e92', '753222', 121, NULL, '15', NULL, NULL, NULL, '', NULL, NULL, NULL, NULL);
INSERT INTO `order_list` VALUES (86, '726e44b7dd477', 25, '10', 0.00, 2, 6, '2025-01-18 13:42:33', NULL, 'Modelo Roleta Ativa ', 'b2f6bf22b4e179f2279dbfc18a8e7257', '903529,382948,783959,225323,511122,049553,998895,721637,272704,645499', 120, NULL, '15', NULL, NULL, NULL, '0.00', NULL, NULL, NULL, NULL);
INSERT INTO `order_list` VALUES (87, '06bb379eb7eab', 25, '101', 0.00, 2, 101, '2025-01-18 13:43:44', NULL, 'Modelo Cota Premiada ', '3e043cad82cbc9a0cc2a3f2f3c322dd4', '025991,504977,611263,113044,084610,750066,394283,953314,056772,833771,171390,492894,344460,826876,332503,044229,237042,315837,670042,567401,272186,558037,557056,199039,244547,844642,669098,034995,697905,555304,475210,666765,929606,111264,767942,655404,168500,483404,517786,655359,757140,456042,793506,690770,246150,843788,748820,587604,677197,826741,260918,075478,632891,537513,630379,948603,138693,484018,646937,607269,772517,580941,311086,094006,178988,381479,843866,387154,940388,691711,431986,807208,031282,321224,558707,149232,821508,051372,953412,772748,945778,703144,902370,246687,188445,787872,105970,177601,705961,835586,263034,842912,905965,758985,630313,239673,032731,556187,955431,127795,210938', 122, NULL, '15', NULL, NULL, NULL, '', NULL, NULL, NULL, NULL);
INSERT INTO `order_list` VALUES (88, '999a119fae4f5', 25, '2001', 0.00, 2, 2001, '2025-01-18 13:44:26', NULL, 'Modelo Caixa Premiada', 'c2b26b4b806145b61e90bdfef36ebd0e', '705858,521064,864502,311238,380765,322899,263308,597575,453693,294708,117502,267534,111106,652059,788265,792562,226782,448066,163699,125389,209682,853868,086482,189257,533770,422946,996176,929720,609618,357620,212260,881148,150084,836590,176040,425798,922016,152540,559891,356089,658866,006737,433661,837503,205462,078922,297425,186014,242224,529653,556606,894830,946445,173258,953420,213019,479956,830966,455349,144754,981956,108206,398664,806635,483113,915289,540409,971943,022718,453283,098684,544237,932115,809468,156516,586928,432328,179478,638536,868994,493803,247689,425899,847858,223879,304452,424121,740472,557156,769471,244262,830672,851519,233199,269755,154978,343447,201346,500111,956757,744569,634595,966193,375096,161850,696022,089077,720974,216093,471872,454115,933074,042053,699466,432348,717263,079232,485078,131671,761097,796052,060467,194018,759899,485357,823055,023411,358346,455181,786251,491034,692284,030643,268090,571286,789831,191829,656763,924941,886643,089611,136107,822787,338496,683190,762670,929490,567006,230571,988482,750125,622244,546854,266781,969704,848236,514408,504880,909904,677374,352034,250816,974585,712225,726168,451905,583364,652252,324242,893954,326600,684073,021261,556181,070834,243098,180523,173321,366901,693500,954538,951434,495007,720541,725907,106557,538273,396327,538714,492498,691562,560062,911519,791766,829531,508175,019389,975662,768984,932718,661494,311723,489148,891556,258916,134365,856683,354480,665807,314315,082072,051222,388369,494423,708417,553827,709849,968398,567610,926661,971569,213232,166010,929281,262927,255302,915805,224804,850747,375910,960716,836846,877468,819859,007350,561725,772835,784410,898620,765957,049285,005381,984566,719217,887474,263710,019917,349394,676274,833463,254571,345437,480030,132621,946755,307602,662855,108707,083545,203217,010565,011760,174052,978171,145425,695116,826102,445150,894947,393594,614951,951488,360245,203138,442280,249247,735761,388358,421574,332866,693675,642926,342400,994262,659512,181585,448630,696412,007078,816629,041138,885347,199927,035080,376681,576733,569415,304241,367675,077448,392753,899316,761003,330342,789171,017397,991101,548146,778245,698141,839787,635487,257087,105286,035995,825309,113708,274279,549731,550686,517821,645668,673727,135094,203560,014060,211649,807486,204772,827062,706202,109903,955355,676237,773394,576683,038465,104840,041715,224248,991098,233358,619973,399542,719660,854912,544553,795805,573461,786547,769403,503568,890250,949622,794179,788425,264522,847112,646831,274853,013023,426836,571078,137101,001043,057657,473747,035648,002023,488830,484977,027764,721639,990532,583700,743433,252217,718290,375640,933768,563101,042472,561703,819077,436904,848616,755744,525226,956841,703196,551220,243166,085503,528277,096727,745366,139662,106138,791139,529562,518750,272278,214558,134424,119839,905584,070098,294896,819985,999165,050989,366382,561842,478070,260973,299546,758875,708627,648539,371856,902327,169664,547258,861661,745905,368555,693470,244094,263674,529441,115348,790799,911652,932204,856318,502114,020947,421688,954686,059078,187422,158655,212556,750816,085834,931692,199740,931101,621662,318572,503211,498137,051690,121551,848407,623548,654112,008395,110765,264056,908454,497797,173963,961302,113455,829581,778824,422589,782815,119472,845020,516327,917403,833277,811996,993390,161918,857250,686680,601643,606648,413294,275269,080291,891733,384837,506395,946099,625120,597633,932545,458555,468782,439251,296949,097319,760073,306040,392392,718737,109591,744647,052650,586509,153208,747452,163954,395836,094082,500181,497535,909275,158726,837351,578469,098052,107933,499486,499008,860831,845607,488722,251512,389995,207186,207982,116310,361353,407361,141592,801867,022575,679729,152600,144765,559475,977344,887620,737752,422219,236302,782188,052982,379443,293056,309265,051751,161442,356916,236511,570329,974542,345995,219039,538949,000088,465506,797899,991872,028180,521119,017309,223709,899802,871373,106112,757211,900746,288484,540389,060828,868493,881845,767533,723193,893937,742990,135146,470696,876540,473233,591974,094213,371295,088537,955024,783385,743402,341216,118028,884303,437118,436585,487148,050055,281299,216381,767627,140542,945863,021624,860527,737286,678196,413991,020189,946103,085615,824070,335024,146924,320586,997404,900168,289190,649317,274926,830717,763691,582718,542982,795097,938024,241109,292088,554831,796870,750449,110345,944913,023173,759420,489526,342987,654693,628373,584450,519889,198043,535674,004819,428902,123451,627481,757939,975813,028078,941960,519882,075022,509955,586908,749914,744294,466498,491248,241822,633251,718199,871860,060775,329923,356302,881484,462284,523002,117868,380185,479990,198967,959581,273835,812998,056131,509126,388693,780693,293033,715961,264617,671845,923606,523574,133403,850439,644616,135348,191885,189216,104588,349504,602924,125947,556975,377808,073425,871582,740009,517036,213199,307126,910549,761826,608131,844980,079709,337823,100048,997083,020655,316750,797894,484248,865234,100354,267336,899811,049206,900819,790904,582171,313271,675078,831680,887362,154244,709232,013780,036085,959097,347350,991029,032186,013376,067239,460471,446403,387425,563583,936495,877542,183824,965344,697863,306748,856377,175233,808350,772511,789122,414130,587413,731703,129759,823625,105749,012410,890914,746518,095209,310749,458310,545625,825418,057004,604319,623278,722395,768972,085232,212759,174916,856485,577877,143511,270125,564851,235733,884784,089541,346922,896120,306683,164031,711809,773786,138688,859192,957610,647293,329191,776251,496625,243081,809507,797644,215593,167543,386862,882104,828819,959994,077822,454716,518690,934007,294916,590483,786970,676796,122164,929178,388133,191866,967990,790969,366112,041919,959907,323718,336369,837481,259887,703082,831172,699560,821047,959903,253875,942722,487440,879486,719352,100438,475211,597464,968861,839859,043319,944582,971128,219374,445468,555703,003900,544052,261560,334038,772751,265030,825501,185138,869756,007248,904786,396423,782488,005670,551226,164880,965749,455655,365580,199604,060675,453497,189282,666335,605709,468476,974265,008567,854652,015230,028522,342988,847886,291408,348123,977100,345583,133017,746554,426115,182239,052699,816232,559442,397094,530247,066449,053417,772012,496036,701696,867286,903165,695003,287654,807754,635326,923684,124680,119156,437224,550214,166144,340515,166231,593169,282462,674945,872842,249663,267279,903570,462062,085555,298589,565533,228863,507276,500230,908236,777195,564373,979534,073976,615302,586177,421074,475862,092492,995078,416260,581545,796986,529948,573165,019627,569092,682785,664494,823091,093097,722393,634190,264879,998809,687720,996248,367308,406568,444565,708830,266767,073000,558231,848951,932323,450054,118810,337365,237784,917468,550622,689968,063716,764598,017427,029727,602973,946588,117571,623285,477586,979477,621598,553235,057000,140084,881303,180423,072402,466786,512519,184046,673694,978265,501008,393833,144426,277756,994953,831168,838917,743321,172836,093526,237754,238083,404511,380260,126370,799068,542282,490749,104247,125590,654249,802372,324800,118969,360131,429046,160243,791310,212272,016871,067402,766023,257604,475572,965456,316019,297301,240205,176849,892865,397776,283429,915931,652497,701448,711618,537894,793372,938620,326222,252714,698823,508836,365573,332985,874822,080889,734134,625824,805852,014527,929120,010243,583173,788541,185182,227491,757458,088446,032478,551578,143160,579389,331510,409147,492959,306164,257494,708510,296677,749966,410856,333575,395094,456195,837863,484364,620874,502907,919370,933443,694500,056646,512824,716297,275622,820079,328845,994563,950157,355484,231802,603270,261512,114290,960241,541554,570355,158270,517224,954346,311048,554706,410946,064528,533490,921078,830319,009082,530275,111187,589408,825409,592383,164713,756812,376205,038493,607694,702971,193274,698362,650991,974799,363805,105201,726793,720136,376096,019400,730962,586775,063885,678155,056350,168020,520879,103579,489291,188591,719815,796602,499723,762758,360768,265724,435533,619845,297652,556451,366131,538854,274332,955327,580145,508982,391984,891528,326240,102187,573298,690057,485501,732022,194671,981568,918274,670539,894582,238871,911442,789549,661459,567607,410253,878040,140765,118623,237341,413397,751084,399215,931690,868199,039950,425027,842160,306302,553859,774510,057431,602234,033551,337827,688815,980513,516168,668641,711572,856228,572979,256733,523900,332805,694324,096209,276339,724638,021885,105981,692555,312464,873100,630048,064960,077951,537619,905470,194451,733405,541294,678037,978072,515681,768066,942527,359660,545215,408130,110741,947586,835468,252344,804373,269131,782829,616895,192259,645483,184221,366438,182147,341777,274836,440297,933771,636475,697827,557186,019738,474220,260508,541179,920805,418844,840434,083184,330443,430931,333271,070597,970612,844826,730769,499816,020205,697737,116361,502562,166707,509240,897256,133597,068015,337991,252013,240113,956714,009300,664049,542628,066593,882116,667985,921583,020975,205856,264308,465562,177487,277278,320100,046279,971657,864834,467168,593423,185089,688780,978452,508780,534001,321292,014922,660859,634285,674967,043077,035601,824224,375224,815696,052185,938025,136143,478027,664455,682249,191926,381723,845831,430967,030294,569304,072584,084207,576850,083760,178250,328172,209408,280295,256910,736495,885489,494687,134593,886317,485955,156362,774676,139624,653254,682691,002294,880281,138996,155356,559629,013578,107404,303926,159405,064749,577934,661200,811431,775249,463031,646724,877922,064423,027066,917328,650074,801413,407170,772112,853599,844381,171954,360084,988751,880060,862257,474463,355676,398080,843647,290164,669759,638231,411467,974251,371506,364487,072355,288956,656743,156772,686288,830101,596090,409723,605423,294495,560605,673010,493869,318286,653227,051761,537601,247155,479774,592086,783436,155151,470613,015996,389255,549739,403833,992835,030156,468021,375491,414733,696609,150352,154611,440024,864874,139070,474674,562373,845229,705482,458502,666016,068243,237847,054955,172140,066615,048677,383923,384668,849364,448960,462866,548251,684126,802856,891037,756845,503749,433914,945622,983382,444843,157358,176996,915494,119380,148251,334566,550413,669679,284226,009498,381951,976837,751378,696993,361723,499415,537460,425616,407135,055243,457225,647969,801694,492737,465234,125971,015426,165916,808123,360392,466031,674910,643665,979845,931536,463837,641674,774733,437033,741401,436583,340803,656831,737066,999729,033600,928752,474332,451530,249136,809391,474758,674178,638663,793624,731160,608424,405680,953824,310640,866375,699244,038316,325566,286113,434768,406064,227444,105705,693758,666455,345441,425912,410553,519849,844464,034200,569292,476386,201632,658911,291155,597534,055742,192532,358003,987989,843611,180545,048339,415575,091348,126750,341596,982525,462202,288277,403970,951781,785859,922687,289762,110488,841333,239783,374262,991088,840666,466489,360345,479526,940580,800320,823412,823822,252830,121975,405194,942667,655547,361747,969200,154469,263392,601044,712996,716895,841627,816762,455251,411014,632668,621546,317573,490609,988286,996919,078993,765868,051975,284771,533673,854503,880717,554097,327667,693176,122856,601552,571143,119159,391663,180941,151466,449072,123930,530256,412656,396447,066156,905539,881724,193775,061124,199402,679270,047197,807175,614262,031620,237183,190711,642481,300963,499363,394677,241107,455876,823494,112089,415441,834034,236465,758473,236601,726265,802706,106164,799235,496615,941701,662272,339290,014403,694397,206866,354937,780626,256812,516152,560536,217399,506027,580356,181381,350778,418274,353597,197611,387773,721197,749785,121513,503476,129062,953775,587431,463589,184059,257448,965858,096744,952019,641936,937922,948236,574744,712769,981532,984266,017293,152469,604951,794313,641926,958403,363712,686008,498619,592079,531067,360007,166888,463871,127324,854958,032720,767689,682839,659706,419853,211940,053733,849111,880441,797751,077728,599626,933386,155204,733830,823389,851399,234397,410118,397148,112114,969769,322227,679880,061358,321613,169773,037048,929236,134691,396952,640292,008904,878077,245884,704266,909672,176356,777484,807923,747564,070918,864478,368853,213289,686520,285299,261408,565937,015609,670809,624761,183382,811525,250883,886045,997306,825729,602279,104874,742102,979915,564890,464125,425927,231230,097498,843799,214498,079476,011500,044840,716738,490024,069236,391709,886262,441981,928542,529386,449271,165643,092530,498708,425068,317714,798071,090959,851911,691900,615823,513068,595901,583566,904771,491156,959194,424815,755971,629826,558321,219996,726428,407560,227143,813110,293470,980169,003551,970688,926560,251513,398258,517795,847781,327245,101468,288092,655790,493181,268731,765751,041143,155696,155738,365060,235987,252437,316689,811971,780263,759502,952089,159961,244556,352387,568328,478908,288246,722819,971930,029146,235181,427710,389471,454338,983420,917615,093174,382761,713836,723212,929066,173078,115153,601136,784494,941404,793895,568273,179850,529432,513392,628098,919910,922089,983778,603194,890048,455204,900994,158489,588280,037219,073250,962561,335012,443194,987064,733781,994998,129890,519245,843768,952710,389157,906535,767883,648745,647220,025019,345184,452880,203554,568611,135833,186881,527484,346685,093348,543620,713703,945252,738341,909822,237392,930858,949633,528008,954475,270208,350385,798249,786334,018326,809783,575822,870410,483742,688518,384368,904270,108678,202443,134959,750404,573176,822619,666544,981959,569458,245591,900323,072399,374530,079727,701225,386205,920256,616557,278853,305033,044273,224616,912252,894392,280216,744138,144400,766975,435415,165623,619854,210189,338524,740250,940049,089867,768389,406047,494683,328236,852395,979218,733931,571854,358697,862329,988614,622249,371173,298111,863332,421778,853301,460699,747568,158279,084623,511641,736983,034475,029522,370955,990127,373308,575966,882082,344627,545112,082061,126141,032782,142680,634838,722063,386446,369182,696889,678267,288499,441546,631685,314654,644809', 121, NULL, '15', NULL, NULL, NULL, '0.00', NULL, NULL, NULL, NULL);
INSERT INTO `order_list` VALUES (89, '7b512bf4a3e57', 26, '5', 0.00, 2, 3, '2025-01-18 14:06:56', NULL, 'Modelo Caixa Premiada', 'b2d4c75942ad39e0997ea7a40451c37b', '419272,369271,192109,386155,553685', 121, NULL, '15', NULL, NULL, NULL, '', NULL, NULL, NULL, NULL);
INSERT INTO `order_list` VALUES (90, '3def5126dcf1f', 26, '10', 0.00, 2, 8, '2025-01-18 14:08:32', NULL, 'Modelo Roleta Ativa ', '9d0c4ed78313328d30ae915399e40669', '659395,803774,530193,334121,694654,590365,632258,238785,075025,758973', 120, NULL, '15', NULL, NULL, NULL, '0.00', NULL, NULL, NULL, NULL);
INSERT INTO `order_list` VALUES (91, '615c455edbd33', 26, '10', 0.00, 2, 8, '2025-01-18 16:02:13', NULL, 'Modelo Caixa Premiada', 'aeb7ede497c9c1ad336979a2ead70abb', '672256,634717,776350,000127,792844,174719,787426,961467,251107,614213', 121, NULL, '15', NULL, NULL, NULL, '0.00', NULL, NULL, NULL, NULL);
INSERT INTO `order_list` VALUES (92, 'fc43863ca249f', 26, '3', 0.00, 2, 0, '2025-01-18 16:04:07', NULL, 'Modelo Roleta Ativa ', 'a2fc47b433f164d3682bbb708efb9fe9', '326054,559994,914258', 120, NULL, '15', NULL, NULL, NULL, '', NULL, NULL, NULL, NULL);
INSERT INTO `order_list` VALUES (93, '99b49dd2b096b', 27, '1', 0.00, 2, 0, '2025-01-18 18:26:08', NULL, 'Modelo Roleta Ativa ', '4c5f890fb4e3966815baa0924ce1ed47', '322924', 120, NULL, '15', NULL, NULL, NULL, '', NULL, NULL, NULL, NULL);
INSERT INTO `order_list` VALUES (95, '99868c0395ab4', 28, '50', 2.50, 2, 39, '2025-01-19 16:45:41', '2025-01-19 16:46:11', 'Solana', '098c7e6d0765ab9c2d40d22fbf2541c6', '3054378,5283179,0370063,7964478,3787735,1570388,0384089,3013385,4457173,0757004,7254470,0058415,6114853,3869465,7930153,6737588,5288216,5232376,1857442,8594648,9408011,0090451,9517710,5503182,8899890,8030946,2276216,2754129,6856622,6005593,8853679,2630190,7720319,9529362,9627366,7135536,6540158,5587628,6290954,9541295,3986060,0985120,7354931,4413770,8302562,1886533,4765721,2962577,4632216,2287373', 123, 'Manual', '15', '00020126640014BR.GOV.BCB.PIX0136eda575a8-c016-427e-88f1-e6c2ca9d861402029552040000530398654042.555802BR5918ANTONIO VITORSILVA6009Sao Paulo62250521PIXV1GTC3HBQU3A9UDAU4630444E8', 'iVBORw0KGgoAAAANSUhEUgAAAR0AAAEdAQMAAAALpCE4AAAABlBMVEX///8AAABVwtN+AAAACXBIWXMAAA7EAAAOxAGVKw4bAAADUklEQVRoge1ZQa6rQAxL1QXLHoGbwMWQQOJi5SYcgeUsUPNtZ6C8vgvkP3UWtGXcRTSO42TMvuu7/vx6uPvLxrXg2+rPx9TabRsdP2fs+JQXhI8O+83LhrbgRVt6n1fsz2vsZgXNXjqFiMDwbV4B8rXciHylB+3W4ESs3LYB32wwnM39PwDhRIwPBWb9ZuZPyw4inwzMj3CwxcAc7+4fpMsGEpXAou7X4yPNk4ECube+ICYc0N2Ry0Y+2cdKBgrp2Vuj4DSIh6qzm/s24ueWGKTAlLKDQTMVoiEv8G9/WWpQ6aMsQTNxGIwTSrTgXXNmcEbQ1DYL+a7o+IDqWAsJdQfSUoOYqspb7CMmjyoFh9BnBs2usgQqkVS+09DwbCChqlxpQZORNq0UH7/HWrRozIplBs0MAk5MIXbKC+oP6pUrjbOC6AakNaxXYlE1k/jjWV5zgpCydGILqcT/gEqkF5XIjpUQpPKPyuqSmZ653IftjWDzgiiNHq6G+4rpHn7YUoOYwTgMJMLI/g7VVvZdGxfzkA5EpbRg/lTtWG2TdiuXREgHom9xViSdg7oNCOfKZtXfiZAR5PIyTGO00F11YlRPvZvygnY7LAFIdWQD/TDenYYmIYiRyBzIxtRugzWW2dAnBj3YWWAZBadqJrZkIWkm84JmaibMAQ0w9UfNtMfM61IR0oHQ8dN6qb1Yoe4zZX/niQyRDVlB6u+gj1aFc2c26N18sZAZQc4cEOnRaHAyKhAbpvacB2QEUXDCF4BFEsmG9JcSpQbFOUzxQsnLoSib6fnSJiUEHTEdcsmuDm8bzqKbY4aREsSYoPMhPRwYlf6YGpXLzCsdiGK/SN05wxWLunCPnJEewpoSFHxSe8HFLT6QwedkNCVokl+XEeAYRkMBa3ks1dokBbFAxejcZSblI4daaM+VERQjlyC9HMLF+y5HdAlBD12w1BuL8GQdOz2tzKAjG3Q/FyaMPlLJ++ZTQlDc4sKOhSeLkcYQlwFv054RNPGGyyISpUTRhZf94FNGkO4UxxgTNUEjyqUk9DL3TQoaTJcVmuYW2crnjzvFtCCJfTRMtb9z2rFnZpD4NMg4rnLBQS9uvJvAjCCPhq45Jl0x7tLdRbMkBn3Xd/3p9Q8FFITSV+NYxgAAAABJRU5ErkJggg==', NULL, '', '', NULL, '930aeed4-50f6-4cd4-989c-2154e1cd8a6c', NULL);
INSERT INTO `order_list` VALUES (96, '90ba5de12fa44', 29, '10', 0.00, 2, 6, '2025-01-21 07:18:58', NULL, 'Modelo Roleta Ativa ', '17d3144956788b1c4ef82520225e0ea5', '495403,678005,862787,713994,558865,859940,145542,617295,487518,997635', 120, NULL, '15', NULL, NULL, NULL, '0.00', NULL, NULL, NULL, NULL);
INSERT INTO `order_list` VALUES (97, '9d2c6b6a36422', 29, '10', 0.00, 2, 10, '2025-01-21 07:21:23', NULL, 'Modelo Caixa Premiada', 'c6598f42b6acd48b486bd2a3e2e6fbbe', '945593,986884,125439,287227,120947,116477,164233,457108,211879,820359', 121, NULL, '15', NULL, NULL, NULL, '0.00', NULL, NULL, NULL, NULL);
INSERT INTO `order_list` VALUES (98, 'bf82e4308b9f7', 30, '412', 20.60, 1, 412, '2025-01-21 18:31:45', NULL, 'Solana', 'c951b5cfbb3dbdee1597865168d20947', '9931867,8939665,4441946,6410715,2349006,6206732,0204713,8889145,6153102,5955909,8780758,2497373,5654444,0860970,6859136,3568876,1727486,1511600,6027237,3732330,4491021,2554036,2654140,4941938,1717051,1064459,1923975,2721513,9538100,4443250,1705620,3233397,5526768,7234062,4572846,0043977,1265032,7333387,5522382,8338471,2670699,3981139,5732365,9530431,2595986,6750142,1528604,1879535,9024988,1858004,4786184,3137906,3816045,5700016,4485094,7443021,2364325,4319067,4259189,9297813,6070988,5500697,4285142,6079914,4057526,8034285,4154231,1531464,5420372,1799831,9919248,9687808,8476272,2301551,0009023,4896872,7520206,6957065,0214149,0232232,7498666,9241214,5198534,6239791,2299012,0863879,2211135,4446864,6497065,7316215,6704846,9697675,1959840,2390907,1434605,3716485,1737891,0097211,8507663,1431371,4965465,8138537,6770101,9052764,6118926,7193709,9294611,2245569,0110965,8700510,1392472,7179818,8665371,2302505,9366831,0014753,0147188,7218758,4391663,3853201,7193030,5932889,9519176,7399712,9525527,2756084,8371830,1898855,4953354,5626061,0749161,2649006,6091599,3229075,7880334,3303824,7959441,7781140,2099703,1915922,2613664,6919581,5216688,5927459,8395802,9800902,7139309,7269100,3279373,1515017,7004283,1294405,9308838,6063362,9358044,6098062,2667645,7153410,4456009,9944025,3638565,2877818,0930875,7681825,2473374,8638606,4316710,4490972,4171861,7155956,0183907,7975670,8147738,9008456,1181418,6559346,3476799,5612836,8794033,7152732,5358213,7584965,9589000,5711138,3863248,4776157,9461895,7681387,9121615,4491765,7330850,6725332,7526062,8486675,2725057,0117117,5457173,4036263,0712745,3222002,8086007,3743157,6278195,9000292,1262606,2532945,5055775,9690117,7028288,4246598,8386670,8297026,1728953,2475940,6288306,7536222,3537301,6337680,6986872,9546988,7376151,2249212,6509861,9989195,8035751,2328671,1555692,5800772,7623470,4581164,7779567,9123572,2543782,2151242,7698300,9468033,9399544,0160957,1313455,2134046,2188046,4813516,3492708,2804656,2784028,9172593,4563547,5492941,7581952,0519175,1528157,4734679,2261992,0989632,3673379,4835611,3538199,4052967,7232821,5739202,0689258,9262292,2160415,7755760,5244515,4242522,2992041,3083903,3672624,1158083,8081351,0577136,6520662,3583980,4747013,4848360,1582990,6442374,2657353,8762325,5297583,7076092,3836767,5848200,8429033,0026588,2253781,5896357,0004193,9148323,1524283,3074279,3674460,3076491,8828397,0747064,4291003,1711457,2583448,3465513,8361412,1140267,3436766,7393576,0093706,6879067,4961768,6397876,5945937,4673157,5469541,9683360,5172213,6029099,3168002,6386417,2997097,9617934,3589900,2383184,1332069,3415208,9842508,7199376,8452492,7946411,6695549,5384250,9762984,9355315,8655827,1042069,1381660,6584028,5624673,6537667,5665359,4286059,3299333,4912397,0013510,6014877,6456895,9882311,5846196,0723998,0853763,3648730,2324792,2761007,0071300,8378537,1249783,8571826,9141163,9889763,2531780,7689605,8177744,6814927,7606111,5533326,7245491,2388112,1686142,3253483,3203500,7904218,4704680,5140237,1540080,7921483,0638535,6512314,8283578,9690632,0914232,0799671,2233935,4759837,7798428,4199128,0529251,6372360,0820833,1598625,9949963,1101314,1018700,9157543,7917202,4802803,6389495,2453841,3059609,6352221,6947396,8906715,7966386,7617596,2418185,1816262,1167998,2825423,6538869,4488856,8967385,7289360,4086773,2962621,2980953,6771653', 123, 'Paggue', '15', '00020126640014BR.GOV.BCB.PIX0136eda575a8-c016-427e-88f1-e6c2ca9d8614020298520400005303986540521.015802BR5918ANTONIO VITORSILVA6009Sao Paulo62250521PIXV1RAZ7E8Q780NT8L8B6304E3AC', 'iVBORw0KGgoAAAANSUhEUgAAAR0AAAEdAQMAAAALpCE4AAAABlBMVEX///8AAABVwtN+AAAACXBIWXMAAA7EAAAOxAGVKw4bAAADXUlEQVRoge1aQY6jQAw04sCRJ/RPyMeQiMTH4Cf9hBw5RPFWlZuQnRd4RukDIXQRyWO7XHaP2Xd9159fo7u/xns5ukdfj5vfzffHbIeNK3bwNS0IHxNvJusrPhY/8LUAvtbYzQpa+bSvw8t6P24wkdYV6wCi2blB4zPsHF7wEpBm8tIvADGe3OvAEIJHnuUwyw5iPAVodfqmNsMUXplByuC1wsSfl59pngsUyCdDCSZO4Qz45jQsLQj3ZMoSsXNjPPHxIbO3y3cJQcV3/PUHPCiIp8UN8eRIidWDTPOCjAGEC/M23sHawT/uj7wguQA8bzfatNlME2fzjTvTFVTpQLRpgjNgzlKxhcvO8HIQ5+WWjKC1IpRAlzspXqG0NVf5R0XIB4ILqAbgFtikDB5kIvcVVGlB0DIb4kkFinlLQWNFqkYKIS+ICgbh79QFJMmBtcm1Ts5MCZqVDeT5kGNFeRtVqvPMoBKsQ34MvQ7lDinMF7t30OUDjXDGTo+AelxMCYrXi0B6YhDMsSZ2F1dXRxKyUwXf84KWlrIwDBQPE2HYbIMy+F3KMoJ62qFEWGukMcsr9j+tywiKtr8qB4I4N8ox7h9nec0Iki7AJbaoyRRKMjY1CPEk6ygXZZ0Pb56/ymtG0BwVafBWqpDBKq/+fzylA7G126O98KqU4CCjKhHgKssLcrb9C0d0WKRLyRg8s/LuTnOC3MTzHcsSVTA4kxTKu8wgxlPoXBo2RWP6ZnxPDOprdNSgeIndIvaUHBsunZkPFHOXJ1mH5dU1w+hb65QZhMUMZl+0tg5JmoxZ7WcGZwSNmoeyhSb/7BFF3nLg9sgL4vgCTUWJQS6LquYB4SpPDFJllRJ7tHda3nLeeB1b5AO1eKIQQFligdJomvxT7VL2CUGzWugi6SWeH2J+pBb1/J2MoMWVDaaZvyZdG0LJeIpxddQJQeEHhv8oxes1ZC/r7pEZ1LLBlbec/nMCvbgmMB/daz7Qed5CXYBSJTjcgq8wscsMuvMAd6YQoINoncor+eeqUhlBOlOEStdQgMpdh1s8Yvw4b8kKwqc8wjOiNtdllboEclqQ5lv0jaotBY0He1pe0L39k0Kn1q4pMeby/DHDyAiKDKbOdTElhdkzhNl1UJQQ9F3f9afXP8fI4c+xcTYyAAAAAElFTkSuQmCC', NULL, '', NULL, NULL, '77a64596-c976-4451-a041-498b4ec0d40e', NULL);
INSERT INTO `order_list` VALUES (102, '7c011fbd882d5', 1, '1', 0.00, 2, 0, '2025-02-19 22:57:07', NULL, 'Modelo Caixa Premiada', 'a44a7f8a265ee3fc87ef44fef43a813b', '717494', 121, NULL, '15', NULL, NULL, NULL, '', NULL, NULL, NULL, NULL);
INSERT INTO `order_list` VALUES (103, 'a6830b02ad208', 1, '201', 0.00, 2, 198, '2025-02-19 22:58:10', NULL, 'Modelo Caixa Premiada', '370d8e5b48fd48eee2734ebbcec215e9', '967705,721376,961547,252357,096022,783620,902115,266554,306013,463821,291534,345324,256157,540780,783962,110072,402871,495589,924117,112423,845273,076514,717267,530765,287492,111235,395778,601032,578951,252932,369599,338756,715801,165407,432444,255283,159834,418219,755233,803765,961523,827243,364475,403668,612710,605237,315515,583649,958460,554076,989509,384520,446427,602833,535173,174125,120481,851134,147163,216839,186106,822543,216271,572540,700269,354274,238412,605753,421812,692190,255465,506761,950644,884090,554674,181986,052109,347689,112375,551122,695784,140445,668700,796382,177161,632568,198389,744300,801353,444827,470091,560052,266078,337103,258187,793501,385699,482947,319017,673643,316463,920065,720663,024749,174324,231889,205243,326132,511736,587860,772807,392865,329403,719077,251189,648852,659110,245506,186176,978865,710824,329981,936926,116750,793159,172412,068372,986044,717758,655925,966785,689309,799111,232183,144002,026658,980900,195484,203702,236750,072528,965709,251355,928804,315606,590640,062316,447845,571662,128682,928297,700724,543221,421864,146772,425591,274159,396734,062937,118449,915706,712616,832454,825096,248140,050418,809184,958150,012597,844478,132616,437058,201112,773940,748826,872256,985593,232417,635045,213989,682945,892639,708162,526018,684570,984854,204954,819907,453198,247295,771233,916840,092870,340009,527962,238028,572360,650825,430553,116712,208624', 121, NULL, '15', NULL, NULL, NULL, '0.00', NULL, NULL, NULL, NULL);
INSERT INTO `order_list` VALUES (104, '1eb50db8f6bac', 1, '250', 12.50, 1, 250, '2025-02-19 22:59:18', NULL, 'Solana', '9fdb3b3426f1095a65121b75a3a94f22', '8195316,7932531,8768161,7330460,2068179,6557247,1661234,9125410,3777214,4704013,6840931,9482600,2866595,5928265,1931848,4582756,3126598,7315557,2592973,4341888,1823034,0106585,2751929,3043067,4047614,2348919,8452714,0849049,7005001,3326480,5630406,4792068,0920449,2252269,3110799,4659026,8215121,3467251,7471259,9254138,0275581,9647954,5843205,0945467,8560818,0174368,3731793,2719600,2714438,8085937,4300444,5877026,6375589,8805820,8313473,0101247,3649413,1470417,0570947,3108024,6292674,6235830,4707025,6093530,0154361,7741656,7164495,5772455,4443743,4894211,1336257,4649536,7282749,8882970,7424408,3048340,6627119,9265805,1481480,1217742,6037107,3083739,0817068,2949735,2918731,4875097,5879775,0368922,3882278,4587177,3376256,4473341,8264591,1962529,4007995,5954203,2573395,3323913,3297117,5981119,7073102,2274019,9863527,2835595,9970261,9484065,4197254,0608497,2636045,8141031,7868813,6496622,2147541,6262386,7535382,6855857,4130119,5734691,4356004,0732386,9305265,5454375,6210663,0432385,3943916,3489130,6548283,6799586,8195930,8334375,7623669,1852826,1749973,4752865,1376946,3965540,4850650,1017088,2375131,2656620,5946074,6008154,8352474,7094480,8987398,0901382,8340881,2162839,5982831,0962228,6015392,4495176,4528389,4266098,6070549,7476460,8603326,4619833,4226277,1621252,4720121,9002133,4690649,1301696,7817165,8732324,8234736,6562215,6896142,1917986,4725905,5404821,0930289,5888491,5531526,1462683,7816193,5664963,6385369,8711021,1660962,9751738,7487825,2146259,9295172,1305080,8574600,7119011,1420772,3821699,5580199,2488574,8150562,0052644,5752169,2503349,2249912,5343453,9572897,7757302,6255726,2430819,7125019,3365078,1397416,3528064,4517564,0132891,0515968,9920363,8360518,3046872,4344854,3194825,2826638,7112396,0850309,0191929,1027029,0301411,6723621,3498620,7252801,9692249,0411211,5948921,0466090,0680102,4905961,8294784,3687162,6099618,3740584,1629659,0307725,3085197,6406613,4431883,5821882,2451567,6070848,1855109,8917756,9067676,4985891,6002079,3718012,3847326,7199868,0136747', 123, NULL, '15', NULL, NULL, NULL, '', NULL, NULL, NULL, NULL);
INSERT INTO `order_list` VALUES (105, 'a2483b9a75290', 1, '1', 0.00, 2, 0, '2025-02-19 23:53:31', NULL, 'Modelo Roleta Ativa ', '4d8cf3aeda1378e4c1c36df8b4cd110c', '557502', 120, NULL, '15', NULL, NULL, NULL, '', NULL, NULL, NULL, NULL);
INSERT INTO `order_list` VALUES (106, '73e8f90a67d03', 1, '1', 0.00, 2, 0, '2025-02-19 23:53:54', NULL, 'Modelo Roleta Ativa ', '6e72283ad9db2db453ae959383e40f3f', '090034', 120, NULL, '15', NULL, NULL, NULL, '', NULL, NULL, NULL, NULL);
INSERT INTO `order_list` VALUES (107, 'bd7642a1b9a9a', 1, '1', 0.00, 2, 1, '2025-02-19 23:54:19', NULL, 'Modelo Cota Premiada ', '3df8dfe00dfd7a7d96e63bc3c3a23370', '756377', 122, NULL, '15', NULL, NULL, NULL, '', NULL, NULL, NULL, NULL);
INSERT INTO `order_list` VALUES (108, 'e14140689550a', 1, '1', 0.00, 2, 0, '2025-02-19 23:54:28', NULL, 'Modelo Caixa Premiada', '5a38ad45c479f9cb6d2e7788f031329c', '507884', 121, NULL, '15', NULL, NULL, NULL, '', NULL, NULL, NULL, NULL);
INSERT INTO `order_list` VALUES (109, '2bc0fd88186ba', 1, '1', 0.00, 2, 1, '2025-02-20 07:48:53', NULL, 'Modelo Cota Premiada ', 'a97fe76e43c378a100aa46aa2ebc9a53', '836905', 122, NULL, '15', NULL, NULL, NULL, '', NULL, NULL, NULL, NULL);
INSERT INTO `order_list` VALUES (110, '1e2815b4942fe', 1, '1', 0.00, 2, 0, '2025-02-20 07:49:08', NULL, 'Modelo Roleta Ativa ', 'd17f47cbadff7e325b41800f6d2e5d9c', '287127', 120, NULL, '15', NULL, NULL, NULL, '', NULL, NULL, NULL, NULL);
INSERT INTO `order_list` VALUES (111, '13ae9008de514', 1, '10', 0.00, 2, 3, '2025-02-20 07:49:42', NULL, 'Modelo Caixa Premiada', '8b5c7dedfddefceae92b30ae479b7502', '306594,447961,033159,451376,426378,056280,907598,037465,325796,222588', 121, NULL, '15', NULL, NULL, NULL, '0.00', NULL, NULL, NULL, NULL);
INSERT INTO `order_list` VALUES (112, '3c4cb538326ca', 1, '10', 0.00, 2, 5, '2025-02-20 08:14:22', NULL, 'Modelo Roleta Ativa ', '159499d147616ebae834b81553c50ff3', '760756,814672,125805,283064,716407,563308,083970,397787,812099,761868', 120, NULL, '15', NULL, NULL, NULL, '0.00', NULL, NULL, NULL, NULL);
INSERT INTO `order_list` VALUES (113, '961f6308eba73', 1, '10', 0.00, 2, 10, '2025-02-20 08:19:59', NULL, 'Modelo Roleta Ativa ', 'd4872ac1db7314bfd4e34c5b4998fc7c', '130729,968995,277844,414355,739122,163882,685907,906371,514793,779915', 120, NULL, '15', NULL, NULL, NULL, '0.00', NULL, NULL, NULL, NULL);
INSERT INTO `order_list` VALUES (114, '1d55cca4b7902', 1, '10', 0.00, 2, 10, '2025-02-20 08:32:45', NULL, 'Modelo Roleta Ativa ', '1e93bd14e3ff2b55997e8c9d736323fe', '467039,718472,623113,407486,473742,823150,338005,208966,436138,975674', 120, NULL, '15', NULL, NULL, NULL, '0.00', NULL, NULL, NULL, NULL);
INSERT INTO `order_list` VALUES (115, 'bbcea732ba8fd', 1, '1', 0.00, 2, -1, '2025-02-26 14:03:48', NULL, 'Modelo Roleta Ativa ', 'a6ffca8fcffe586660e31b5532d441fb', '077071', 120, NULL, '15', NULL, NULL, NULL, '', NULL, NULL, NULL, NULL);
INSERT INTO `order_list` VALUES (116, 'fa00fda625b1e', 1, '10', 0.00, 2, 8, '2025-02-26 14:05:00', NULL, 'Modelo Roleta Ativa ', '9639de84367ef630d60abcfebb34ad9b', '722789,288940,396974,041596,923774,713426,766051,695029,136286,106068', 120, NULL, '15', NULL, NULL, NULL, '0.00', NULL, NULL, NULL, NULL);
INSERT INTO `order_list` VALUES (117, '10dfe4662244c', 1, '10', 0.00, 2, 1, '2025-02-26 14:06:14', NULL, 'Modelo Roleta Ativa ', 'e71c377ec9c7f6ccf7438ed71934d84c', '161107,325492,832672,330457,660590,812030,361442,538591,307845,998151', 120, NULL, '15', NULL, NULL, NULL, '0.00', NULL, NULL, NULL, NULL);

-- ----------------------------
-- Table structure for product_list
-- ----------------------------
DROP TABLE IF EXISTS `product_list`;
CREATE TABLE `product_list`  (
  `id` int NOT NULL AUTO_INCREMENT,
  `name` text CHARACTER SET utf8mb4 COLLATE utf8mb4_unicode_ci NOT NULL,
  `description` text CHARACTER SET utf8mb4 COLLATE utf8mb4_unicode_ci NOT NULL,
  `price` float(12, 2) NOT NULL DEFAULT 0.00,
  `image_path` text CHARACTER SET utf8mb4 COLLATE utf8mb4_unicode_ci NULL,
  `status` tinyint(1) NOT NULL DEFAULT 1,
  `delete_flag` tinyint(1) NOT NULL DEFAULT 0,
  `date_created` datetime NOT NULL DEFAULT current_timestamp,
  `date_updated` datetime NOT NULL DEFAULT current_timestamp ON UPDATE CURRENT_TIMESTAMP,
  `type_of_draw` tinyint(1) NOT NULL DEFAULT 1,
  `qty_numbers` text CHARACTER SET utf8mb4 COLLATE utf8mb4_unicode_ci NOT NULL,
  `min_purchase` text CHARACTER SET utf8mb4 COLLATE utf8mb4_unicode_ci NOT NULL,
  `max_purchase` text CHARACTER SET utf8mb4 COLLATE utf8mb4_unicode_ci NOT NULL,
  `slug` text CHARACTER SET utf8mb4 COLLATE utf8mb4_unicode_ci NOT NULL,
  `pending_numbers` text CHARACTER SET utf8mb4 COLLATE utf8mb4_unicode_ci NOT NULL,
  `paid_numbers` text CHARACTER SET utf8mb4 COLLATE utf8mb4_unicode_ci NOT NULL,
  `ranking_qty` text CHARACTER SET utf8mb4 COLLATE utf8mb4_unicode_ci NOT NULL,
  `enable_ranking` text CHARACTER SET utf8mb4 COLLATE utf8mb4_unicode_ci NOT NULL,
  `image_gallery` text CHARACTER SET utf8mb4 COLLATE utf8mb4_unicode_ci NULL,
  `enable_progress_bar` text CHARACTER SET utf8mb4 COLLATE utf8mb4_unicode_ci NOT NULL,
  `draw_number` text CHARACTER SET utf8mb4 COLLATE utf8mb4_unicode_ci NULL,
  `status_display` text CHARACTER SET utf8mb4 COLLATE utf8mb4_unicode_ci NOT NULL,
  `subtitle` text CHARACTER SET utf8mb4 COLLATE utf8mb4_unicode_ci NULL,
  `date_of_draw` datetime NULL DEFAULT NULL,
  `limit_order_remove` text CHARACTER SET utf8mb4 COLLATE utf8mb4_unicode_ci NULL,
  `discount_qty` text CHARACTER SET utf8mb4 COLLATE utf8mb4_unicode_ci NULL,
  `discount_amount` text CHARACTER SET utf8mb4 COLLATE utf8mb4_unicode_ci NULL,
  `discount_roleta` text CHARACTER SET utf8mb4 COLLATE utf8mb4_bin NULL,
  `enable_discount` text CHARACTER SET utf8mb4 COLLATE utf8mb4_unicode_ci NULL,
  `enable_cumulative_discount` text CHARACTER SET utf8mb4 COLLATE utf8mb4_unicode_ci NULL,
  `enable_sale` text CHARACTER SET utf8mb4 COLLATE utf8mb4_unicode_ci NULL,
  `sale_qty` text CHARACTER SET utf8mb4 COLLATE utf8mb4_unicode_ci NULL,
  `sale_price` float(12, 2) NULL DEFAULT 0.00,
  `ranking_message` text CHARACTER SET utf8mb4 COLLATE utf8mb4_unicode_ci NULL,
  `enable_ranking_show` text CHARACTER SET utf8mb4 COLLATE utf8mb4_unicode_ci NULL,
  `draw_winner` text CHARACTER SET utf8mb4 COLLATE utf8mb4_unicode_ci NULL,
  `private_draw` text CHARACTER SET utf8mb4 COLLATE utf8mb4_unicode_ci NOT NULL,
  `featured_draw` text CHARACTER SET utf8mb4 COLLATE utf8mb4_unicode_ci NULL,
  `cotas_premiadas` longtext CHARACTER SET utf8mb4 COLLATE utf8mb4_unicode_ci NULL,
  `cotas_premiadas_premios` mediumtext CHARACTER SET utf8mb4 COLLATE utf8mb4_unicode_ci NULL,
  `cotas_premiadas_descricao` text CHARACTER SET utf8mb4 COLLATE utf8mb4_unicode_ci NULL,
  `limit_orders` int NULL DEFAULT 0,
  `ranking_type` int NOT NULL DEFAULT 1,
  `qty_select_1` int NOT NULL DEFAULT 10,
  `qty_select_2` int NOT NULL DEFAULT 20,
  `qty_select_3` int NOT NULL DEFAULT 50,
  `qty_select_4` int NOT NULL DEFAULT 100,
  `qty_select_5` int NOT NULL DEFAULT 200,
  `qty_select_6` int NOT NULL DEFAULT 300,
  `status_auto_cota` tinyint(1) NOT NULL DEFAULT 0,
  `valor_base_auto` int NOT NULL DEFAULT 50,
  `quantidade_numeros` int NOT NULL DEFAULT 2,
  `tipo_auto_cota` longtext CHARACTER SET utf8mb4 COLLATE utf8mb4_unicode_ci NULL,
  `up` tinyint(1) NOT NULL DEFAULT 0,
  `quantidade_auto_cota` int NOT NULL DEFAULT 0,
  `quantidade_auto_cota_diario` int NULL DEFAULT 0,
  `roleta` tinyint(1) NOT NULL DEFAULT 0,
  `box` tinyint(1) NOT NULL DEFAULT 0,
  PRIMARY KEY (`id`) USING BTREE
) ENGINE = InnoDB AUTO_INCREMENT = 127 CHARACTER SET = utf8mb4 COLLATE = utf8mb4_unicode_ci ROW_FORMAT = Dynamic;

-- ----------------------------
-- Records of product_list
-- ----------------------------
INSERT INTO `product_list` VALUES (120, 'Modelo Roleta Ativa ', '&#60;p&#62;Modelo Roleta&#38;nbsp;&#60;/p&#62;', 0.00, 'uploads/campanhas/1_exibe-numeros.png?v=1740019844', 1, 0, '2025-01-13 23:00:28', '2025-02-26 22:49:31', 1, '1000000', '1', '20000', 'modelo-roleta-ativa-2', '0', '4224', '6', '1', '[]', '1', '', '1', 'Demonstração', NULL, '15', '[\"10\",\"20\",\"30\",\"40\"]', '[\"0.00\",\"0.00\",\"0.00\",\"0.00\"]', '', '1', '0', '0', '0', 0.00, 'Quem comprar mais cotas, 1º lugar ganha: R$', '1', '[\"\"]', '0', '0', '2223,7272,6373,7282,8393', '2223:Pix R$500:premiada,7272:Moto:premiada,6373:Pix R$1000:premiada,7282:Pix R$100:premiada,8393:Carro:premiada', '', 0, 1, 100, 200, 500, 1000, 2000, 3000, 1, 0, 2, '7272,6373,7282,8393', 0, 1, 1, 1, 0);
INSERT INTO `product_list` VALUES (121, 'Modelo Caixa Premiada', '&#60;p&#62;Modelo Caixa Premiada&#60;/p&#62;', 0.00, 'uploads/campanhas/1_AnyConv.com__1_VbzRhAfjKY9ROEE7TP6tjxbplvSSiFz7psiKSfFY.png?v=1740019696', 1, 0, '2025-01-13 23:04:57', '2025-02-20 10:49:42', 1, '1000000', '1', '20000', 'modelo-caixa-premiada-2', '0', '8262', '6', '1', '[]', '0', '', '1', 'Demonstração', NULL, '15', '[\"10\",\"20\",\"30\",\"40\"]', '[\"0.00\",\"0.00\",\"0.00\",\"0.00\"]', '', '1', '0', '0', '0', 0.00, 'Quem comprar mais cotas, 1º lugar ganha: R$', '1', '[\"\"]', '0', '1', '566,6754,88', '566:Pix 100:premiada,6754:Pix 1000:premiada,88:Caixa de cerveja:premiada', 'Premiações Instantâneas', 0, 1, 100, 200, 500, 1000, 2000, 3000, 0, 0, 2, '88', 0, 0, 0, 0, 1);
INSERT INTO `product_list` VALUES (122, 'Modelo Cota Premiada ', '&#60;p&#62;Modelo Caixa Premiada&#60;/p&#62;', 0.00, 'uploads/campanhas/1_aleatorio.png?v=1740019639', 1, 0, '2025-01-13 23:13:15', '2025-02-26 22:49:08', 1, '1000000', '1', '20000', 'modelo-cota-premiada-2', '0', '3109', '6', '1', '[]', '0', '', '1', 'Demonstração', NULL, '15', '[\"10\",\"20\",\"30\",\"40\"]', '[\"0.00\",\"0.00\",\"0.00\",\"0.00\"]', '', '0', '0', '0', '0', 0.00, 'Quem comprar mais cotas, 1º lugar ganha: R$', '1', '[\"\"]', '0', '0', '1111111,222222', '1111111:IPHONE 15 PRO MAX:ouro,222222:PIX DE 500 REAIS:premiada', '', 0, 1, 100, 200, 500, 1000, 2000, 3000, 1, 0, 2, '1111111,222222', 0, 0, 1, 0, 0);
INSERT INTO `product_list` VALUES (125, 'Rifa Encerrada', '', 0.00, 'uploads/campanhas/encerrada.png?v=1740019185', 3, 0, '2025-02-20 02:30:29', '2025-02-20 02:46:26', 1, '50', '1', '500', 'rifa-encerrada-2', '0', '0', '0', '1', '[]', '0', '', '1', 'Realizada pela Loteria Federal', NULL, '0', '[\"\"]', '[\"0.00\"]', NULL, '0', '0', '0', '0', 0.00, 'Quem comprar mais cotas, 1º lugar ganha: R$', '0', '[\"\"]', '0', '1', '', '', '', 0, 1, 10, 20, 50, 100, 200, 300, 0, 0, 2, '', 0, 0, 0, 0, 0);
INSERT INTO `product_list` VALUES (126, 'TESTE CP', '&#60;p&#62;TESTE&#60;/p&#62;', 2.00, 'uploads/campanhas/WhatsApp Image 2025-02-05 at 21.18.23.jpeg?v=1740076356', 1, 0, '2025-02-20 18:32:36', '2025-02-20 18:38:57', 1, '10000', '1', '500', 'teste-cp-2', '0', '0', '0', '1', '[]', '0', '', '2', 'TESTE', NULL, '15', '[\"10\",\"20\"]', '[\"1.00\",\"2.00\"]', NULL, '1', '0', '0', '0', 0.00, 'Quem comprar mais cotas, 1º lugar ganha: R$', '0', '[\"\"]', '0', '1', '1234', '1234:iphone:premiada', '1234', 0, 1, 10, 20, 50, 100, 200, 300, 1, 0, 2, '1234', 0, 0, 0, 0, 1);

-- ----------------------------
-- Table structure for referral
-- ----------------------------
DROP TABLE IF EXISTS `referral`;
CREATE TABLE `referral`  (
  `id` int NOT NULL AUTO_INCREMENT,
  `status` tinyint(1) NULL DEFAULT 0,
  `referral_code` varchar(100) CHARACTER SET utf8mb4 COLLATE utf8mb4_unicode_ci NULL DEFAULT NULL,
  `percentage` float(12, 2) NOT NULL DEFAULT 0.00,
  `amount_paid` float(12, 2) NOT NULL DEFAULT 0.00,
  `amount_pending` float(12, 2) NOT NULL DEFAULT 0.00,
  `customer_id` int NOT NULL,
  PRIMARY KEY (`id`) USING BTREE,
  INDEX `customer_id`(`customer_id` ASC) USING BTREE,
  CONSTRAINT `customer_id_fk_re` FOREIGN KEY (`customer_id`) REFERENCES `customer_list` (`id`) ON DELETE CASCADE ON UPDATE RESTRICT
) ENGINE = InnoDB AUTO_INCREMENT = 11 CHARACTER SET = utf8mb4 COLLATE = utf8mb4_unicode_ci ROW_FORMAT = Dynamic;

-- ----------------------------
-- Records of referral
-- ----------------------------

-- ----------------------------
-- Table structure for referral_transactions
-- ----------------------------
DROP TABLE IF EXISTS `referral_transactions`;
CREATE TABLE `referral_transactions`  (
  `id` int NOT NULL AUTO_INCREMENT,
  `total_amount` float(12, 2) NOT NULL DEFAULT 0.00,
  `referral_id` int NOT NULL,
  PRIMARY KEY (`id`) USING BTREE
) ENGINE = InnoDB AUTO_INCREMENT = 1 CHARACTER SET = utf8mb4 COLLATE = utf8mb4_unicode_ci ROW_FORMAT = Dynamic;

-- ----------------------------
-- Records of referral_transactions
-- ----------------------------

-- ----------------------------
-- Table structure for system_info
-- ----------------------------
DROP TABLE IF EXISTS `system_info`;
CREATE TABLE `system_info`  (
  `id` int NOT NULL AUTO_INCREMENT,
  `meta_field` text CHARACTER SET utf8mb4 COLLATE utf8mb4_general_ci NOT NULL,
  `meta_value` text CHARACTER SET utf8mb4 COLLATE utf8mb4_general_ci NOT NULL,
  PRIMARY KEY (`id`) USING BTREE
) ENGINE = InnoDB AUTO_INCREMENT = 98 CHARACTER SET = utf8mb4 COLLATE = utf8mb4_general_ci ROW_FORMAT = Dynamic;

-- ----------------------------
-- Records of system_info
-- ----------------------------
INSERT INTO `system_info` VALUES (1, 'name', 'AlbinoDevs - Rifas');
INSERT INTO `system_info` VALUES (2, 'short_name', '');
INSERT INTO `system_info` VALUES (3, 'logo', 'uploads/logo.png?v=1740015025');
INSERT INTO `system_info` VALUES (4, 'user_avatar', 'uploads/user_avatar.jpg');
INSERT INTO `system_info` VALUES (5, 'cover', 'uploads/cover.png?v=1675042834');
INSERT INTO `system_info` VALUES (6, 'phone', '11982889012');
INSERT INTO `system_info` VALUES (7, 'mobile', '00000');
INSERT INTO `system_info` VALUES (8, 'email', 'contato@albinodevs.io');
INSERT INTO `system_info` VALUES (9, 'address', 'Endereço');
INSERT INTO `system_info` VALUES (10, 'mercadopago', '2');
INSERT INTO `system_info` VALUES (11, 'mercadopago_access_token', 'APP_USR-325888472139985-072111-bf236d0726f8d6ce60a581cf62f10140-1170836546');
INSERT INTO `system_info` VALUES (12, 'gerencianet', '2');
INSERT INTO `system_info` VALUES (13, 'gerencianet_client_id', '');
INSERT INTO `system_info` VALUES (14, 'gerencianet_client_secret', '');
INSERT INTO `system_info` VALUES (15, 'gerencianet_pix_key', '');
INSERT INTO `system_info` VALUES (16, 'gateway', '1');
INSERT INTO `system_info` VALUES (17, 'enable_cpf', '1');
INSERT INTO `system_info` VALUES (18, 'enable_email', '2');
INSERT INTO `system_info` VALUES (19, 'enable_address', '2');
INSERT INTO `system_info` VALUES (20, 'favicon', 'uploads/favicon.png?v=1740015025');
INSERT INTO `system_info` VALUES (21, 'enable_share', '2');
INSERT INTO `system_info` VALUES (22, 'enable_groups', '1');
INSERT INTO `system_info` VALUES (23, 'telegram_group_url', '');
INSERT INTO `system_info` VALUES (24, 'whatsapp_group_url', '');
INSERT INTO `system_info` VALUES (25, 'enable_footer', '2');
INSERT INTO `system_info` VALUES (26, 'text_footer', '');
INSERT INTO `system_info` VALUES (27, 'enable_password', '2');
INSERT INTO `system_info` VALUES (28, 'paggue', '2');
INSERT INTO `system_info` VALUES (29, 'paggue_client_key', '4073067412884515346');
INSERT INTO `system_info` VALUES (30, 'paggue_client_secret', '9446284159648339243996261');
INSERT INTO `system_info` VALUES (31, 'enable_pixel', '2');
INSERT INTO `system_info` VALUES (32, 'facebook_access_token', '');
INSERT INTO `system_info` VALUES (33, 'facebook_pixel_id', '');
INSERT INTO `system_info` VALUES (34, 'enable_hide_numbers', '1');
INSERT INTO `system_info` VALUES (35, 'whatsapp_footer', '');
INSERT INTO `system_info` VALUES (36, 'instagram_footer', 'https://albinodevs.io');
INSERT INTO `system_info` VALUES (37, 'facebook_footer', '');
INSERT INTO `system_info` VALUES (38, 'twitter_footer', '');
INSERT INTO `system_info` VALUES (39, 'youtube_footer', '');
INSERT INTO `system_info` VALUES (40, 'enable_dwapi', '2');
INSERT INTO `system_info` VALUES (41, 'token_dwapi', '');
INSERT INTO `system_info` VALUES (42, 'numero_dwapi', '');
INSERT INTO `system_info` VALUES (43, 'mensagem_novo_pedido_dwapi', '');
INSERT INTO `system_info` VALUES (44, 'mensagem_pedido_pago_dwapi', '');
INSERT INTO `system_info` VALUES (45, 'smtp_host', 'smtp.hostinger.com');
INSERT INTO `system_info` VALUES (46, 'smtp_port', ' 465');
INSERT INTO `system_info` VALUES (47, 'smtp_user', '');
INSERT INTO `system_info` VALUES (48, 'smtp_pass', 'digital2023');
INSERT INTO `system_info` VALUES (49, 'question1', 'Como acessar minhas compras?');
INSERT INTO `system_info` VALUES (50, 'answer1', 'Fazendo login no site e abrindo o Menu Principal, você consegue consultar suas últimas compras no menu ');
INSERT INTO `system_info` VALUES (51, 'question2', 'Como envio o comprovante?');
INSERT INTO `system_info` VALUES (52, 'answer2', 'Caso você tenha feito o pagamento via Pix QR Code ou copiando o código, não é necessário enviar o comprovante, aguardando até 5 minutos após o pagamento, o sistema irá dar baixa automaticamente, para mais dúvidas entre em contato conosco clicando aqui.');
INSERT INTO `system_info` VALUES (53, 'question3', 'Como é o processo do sorteio?');
INSERT INTO `system_info` VALUES (54, 'answer3', 'O sorteio será realizado com base na extração da Loteria Federal, conforme Condições de Participação constantes no título');
INSERT INTO `system_info` VALUES (55, 'question4', '');
INSERT INTO `system_info` VALUES (56, 'answer4', '');
INSERT INTO `system_info` VALUES (57, 'terms', '<b>1)</b> Lorem Ipsum is simply dummy text of the printing and typesetting industry. <br><br> <b>2)</b> Lorem Ipsum has been the industry&apos;s standard dummy text ever since the 1500s, when an unknown printer took a galley of type and scrambled it to make a type specimen book. It has survived not only five centuries, but also the leap into electronic typesetting, remaining essentially unchanged. <br><br> <b>3)</b> It was popularised in the 1960s with the release of Letraset sheets containing Lorem Ipsum passages, and more recently with desktop publishing software like Aldus PageMaker including versions of Lorem Ipsum. <br><br> (i) It is a long established fact that a reader will be distracted by the readable content of a page when looking at its layout. <br><br> (ii) Many desktop publishing packages and web page editors now use Lorem Ipsum as their default model text, and a search for &apos;lorem ipsum&apos; will uncover many web sites still in their infancy.');
INSERT INTO `system_info` VALUES (58, 'enable_ga4', '2');
INSERT INTO `system_info` VALUES (59, 'google_ga4_id', '1');
INSERT INTO `system_info` VALUES (60, 'license', '');
INSERT INTO `system_info` VALUES (61, 'enable_two_phone', '2');
INSERT INTO `system_info` VALUES (62, 'enable_gtm', '2');
INSERT INTO `system_info` VALUES (63, 'google_gtm_id', '');
INSERT INTO `system_info` VALUES (64, 'theme', '1');
INSERT INTO `system_info` VALUES (65, 'email_order', '');
INSERT INTO `system_info` VALUES (66, 'email_purchase', '');
INSERT INTO `system_info` VALUES (67, 'enable_legal_age', '2');
INSERT INTO `system_info` VALUES (68, 'enable_birth', '2');
INSERT INTO `system_info` VALUES (69, 'enable_instagram', '2');
INSERT INTO `system_info` VALUES (70, 'enable_multiple_order', '2');
INSERT INTO `system_info` VALUES (71, 'dealer_active', '2');
INSERT INTO `system_info` VALUES (72, 'dealer_deactive_site', '2');
INSERT INTO `system_info` VALUES (73, 'dealer_split_mercadopago', '2');
INSERT INTO `system_info` VALUES (74, 'mercadopago_tax', '');
INSERT INTO `system_info` VALUES (75, 'gerencianet_tax', '');
INSERT INTO `system_info` VALUES (76, 'paggue_tax', '0');
INSERT INTO `system_info` VALUES (77, 'openpix_app_id', '');
INSERT INTO `system_info` VALUES (78, 'openpix_tax', '');
INSERT INTO `system_info` VALUES (79, 'pay2m_client_id', 'd8e276b1-01ab-4ede-a7fb-035d915adfb4');
INSERT INTO `system_info` VALUES (80, 'pay2m_client_secret', '5a8dd04d-638d-4b51-90d2-61912053c759           ');
INSERT INTO `system_info` VALUES (81, 'pay2m_tax', '0');
INSERT INTO `system_info` VALUES (82, 'openpix', '2');
INSERT INTO `system_info` VALUES (83, 'pay2m', '2');
INSERT INTO `system_info` VALUES (85, 'pagstar', '2');
INSERT INTO `system_info` VALUES (86, 'pagstar_client_key', 'b75fd923-9dd2-4cf4-84ad-3cee1fc2779d');
INSERT INTO `system_info` VALUES (87, 'pagstar_client_secret', 'b75fd923-9dd2-4cf4-84ad-3cee1fc2779d');
INSERT INTO `system_info` VALUES (88, 'openpix_webhook_url', 'https://thiagoaraujoofc.com/webhook.php?notify=openpix');
INSERT INTO `system_info` VALUES (89, 'pagstar2', 'on');
INSERT INTO `system_info` VALUES (90, 'Pagstar_webhook_url', '');
INSERT INTO `system_info` VALUES (91, 'ezzepay', '2');
INSERT INTO `system_info` VALUES (92, 'ezzepay_client_id', '');
INSERT INTO `system_info` VALUES (93, 'ezzepay_client_secret', '                                  ');
INSERT INTO `system_info` VALUES (94, 'nextpay', '2');
INSERT INTO `system_info` VALUES (95, 'nextpay_client_id', '2jou8i97fbsnma4r5qiau8apfo');
INSERT INTO `system_info` VALUES (96, 'nextpay_client_secret', '9mioetq5u2to5qsr5jp12tq88l9tekp6mitnr7d0n9f7tsfkbpv        ');
INSERT INTO `system_info` VALUES (97, 'nextpay_webhook', 'https://rifa.albinodevs.io/webhook_next.php');

-- ----------------------------
-- Table structure for users
-- ----------------------------
DROP TABLE IF EXISTS `users`;
CREATE TABLE `users`  (
  `id` int NOT NULL AUTO_INCREMENT,
  `firstname` varchar(250) CHARACTER SET utf8mb4 COLLATE utf8mb4_general_ci NOT NULL,
  `middlename` text CHARACTER SET utf8mb4 COLLATE utf8mb4_general_ci NULL,
  `lastname` varchar(250) CHARACTER SET utf8mb4 COLLATE utf8mb4_general_ci NOT NULL,
  `username` text CHARACTER SET utf8mb4 COLLATE utf8mb4_general_ci NOT NULL,
  `password` text CHARACTER SET utf8mb4 COLLATE utf8mb4_general_ci NOT NULL,
  `avatar` text CHARACTER SET utf8mb4 COLLATE utf8mb4_general_ci NULL,
  `last_login` datetime NULL DEFAULT NULL,
  `type` tinyint(1) NOT NULL DEFAULT 0,
  `date_added` datetime NOT NULL DEFAULT current_timestamp,
  `date_updated` datetime NULL DEFAULT current_timestamp ON UPDATE CURRENT_TIMESTAMP,
  `email` text CHARACTER SET utf8mb4 COLLATE utf8mb4_general_ci NULL,
  `site` varchar(200) CHARACTER SET utf8mb4 COLLATE utf8mb4_general_ci NULL DEFAULT NULL,
  PRIMARY KEY (`id`) USING BTREE
) ENGINE = InnoDB AUTO_INCREMENT = 3 CHARACTER SET = utf8mb4 COLLATE = utf8mb4_general_ci COMMENT = '2' ROW_FORMAT = Dynamic;

-- ----------------------------
-- Records of users
-- ----------------------------
INSERT INTO `users` VALUES (1, 'Albino', '', 'Devs', 'admin', '5800c469e4e5872ca660decbeefd1d1b', 'uploads/avatars/1.png?v=1736795184', NULL, 1, '2021-01-20 14:02:37', '2025-02-20 01:31:15', 'contato@albinodevs.io', NULL);

SET FOREIGN_KEY_CHECKS = 1;
